tp,pp,max_input_length,max_output_length,model,status,error,exp_id,elapsed_time,total_prompt_tokens,total_output_tokens,requests_per_sec,input_tokens_per_sec,output_tokens_per_sec,total_tokens_per_sec,timeseries_file,instance_type,price_per_hour,num_nodes,gpus_per_node,total_gpus,cost_for_run_usd,tokens_per_dollar,input_tokens_per_dollar,output_tokens_per_dollar,benchmark_num_requests,benchmark_target_concurrency,num_preemptions,gpu_monitor_type,gpu_monitor_num_nodes,gpu_monitor_num_nodes_reported,node0_gpu0_mem_gb_avg,node0_gpu0_mem_gb_max,node0_gpu0_mem_gb_min,node0_gpu0_mem_pct_avg,node0_gpu0_mem_pct_max,node0_gpu0_mem_pct_min,node0_gpu0_sm_pct_avg,node0_gpu0_sm_pct_max,node0_gpu0_sm_pct_min,node0_gpu0_membw_pct_avg,node0_gpu0_membw_pct_max,node0_gpu0_membw_pct_min,node0_gpu1_mem_gb_avg,node0_gpu1_mem_gb_max,node0_gpu1_mem_gb_min,node0_gpu1_mem_pct_avg,node0_gpu1_mem_pct_max,node0_gpu1_mem_pct_min,node0_gpu1_sm_pct_avg,node0_gpu1_sm_pct_max,node0_gpu1_sm_pct_min,node0_gpu1_membw_pct_avg,node0_gpu1_membw_pct_max,node0_gpu1_membw_pct_min,node0_gpu2_mem_gb_avg,node0_gpu2_mem_gb_max,node0_gpu2_mem_gb_min,node0_gpu2_mem_pct_avg,node0_gpu2_mem_pct_max,node0_gpu2_mem_pct_min,node0_gpu2_sm_pct_avg,node0_gpu2_sm_pct_max,node0_gpu2_sm_pct_min,node0_gpu2_membw_pct_avg,node0_gpu2_membw_pct_max,node0_gpu2_membw_pct_min,node0_gpu3_mem_gb_avg,node0_gpu3_mem_gb_max,node0_gpu3_mem_gb_min,node0_gpu3_mem_pct_avg,node0_gpu3_mem_pct_max,node0_gpu3_mem_pct_min,node0_gpu3_sm_pct_avg,node0_gpu3_sm_pct_max,node0_gpu3_sm_pct_min,node0_gpu3_membw_pct_avg,node0_gpu3_membw_pct_max,node0_gpu3_membw_pct_min,node0_gpu4_mem_gb_avg,node0_gpu4_mem_gb_max,node0_gpu4_mem_gb_min,node0_gpu4_mem_pct_avg,node0_gpu4_mem_pct_max,node0_gpu4_mem_pct_min,node0_gpu4_sm_pct_avg,node0_gpu4_sm_pct_max,node0_gpu4_sm_pct_min,node0_gpu4_membw_pct_avg,node0_gpu4_membw_pct_max,node0_gpu4_membw_pct_min,node0_gpu5_mem_gb_avg,node0_gpu5_mem_gb_max,node0_gpu5_mem_gb_min,node0_gpu5_mem_pct_avg,node0_gpu5_mem_pct_max,node0_gpu5_mem_pct_min,node0_gpu5_sm_pct_avg,node0_gpu5_sm_pct_max,node0_gpu5_sm_pct_min,node0_gpu5_membw_pct_avg,node0_gpu5_membw_pct_max,node0_gpu5_membw_pct_min,node0_gpu6_mem_gb_avg,node0_gpu6_mem_gb_max,node0_gpu6_mem_gb_min,node0_gpu6_mem_pct_avg,node0_gpu6_mem_pct_max,node0_gpu6_mem_pct_min,node0_gpu6_sm_pct_avg,node0_gpu6_sm_pct_max,node0_gpu6_sm_pct_min,node0_gpu6_membw_pct_avg,node0_gpu6_membw_pct_max,node0_gpu6_membw_pct_min,node0_gpu7_mem_gb_avg,node0_gpu7_mem_gb_max,node0_gpu7_mem_gb_min,node0_gpu7_mem_pct_avg,node0_gpu7_mem_pct_max,node0_gpu7_mem_pct_min,node0_gpu7_sm_pct_avg,node0_gpu7_sm_pct_max,node0_gpu7_sm_pct_min,node0_gpu7_membw_pct_avg,node0_gpu7_membw_pct_max,node0_gpu7_membw_pct_min,node1_gpu0_mem_gb_avg,node1_gpu0_mem_gb_max,node1_gpu0_mem_gb_min,node1_gpu0_mem_pct_avg,node1_gpu0_mem_pct_max,node1_gpu0_mem_pct_min,node1_gpu0_sm_pct_avg,node1_gpu0_sm_pct_max,node1_gpu0_sm_pct_min,node1_gpu0_membw_pct_avg,node1_gpu0_membw_pct_max,node1_gpu0_membw_pct_min,node1_gpu1_mem_gb_avg,node1_gpu1_mem_gb_max,node1_gpu1_mem_gb_min,node1_gpu1_mem_pct_avg,node1_gpu1_mem_pct_max,node1_gpu1_mem_pct_min,node1_gpu1_sm_pct_avg,node1_gpu1_sm_pct_max,node1_gpu1_sm_pct_min,node1_gpu1_membw_pct_avg,node1_gpu1_membw_pct_max,node1_gpu1_membw_pct_min,node1_gpu2_mem_gb_avg,node1_gpu2_mem_gb_max,node1_gpu2_mem_gb_min,node1_gpu2_mem_pct_avg,node1_gpu2_mem_pct_max,node1_gpu2_mem_pct_min,node1_gpu2_sm_pct_avg,node1_gpu2_sm_pct_max,node1_gpu2_sm_pct_min,node1_gpu2_membw_pct_avg,node1_gpu2_membw_pct_max,node1_gpu2_membw_pct_min,node1_gpu3_mem_gb_avg,node1_gpu3_mem_gb_max,node1_gpu3_mem_gb_min,node1_gpu3_mem_pct_avg,node1_gpu3_mem_pct_max,node1_gpu3_mem_pct_min,node1_gpu3_sm_pct_avg,node1_gpu3_sm_pct_max,node1_gpu3_sm_pct_min,node1_gpu3_membw_pct_avg,node1_gpu3_membw_pct_max,node1_gpu3_membw_pct_min,node1_gpu4_mem_gb_avg,node1_gpu4_mem_gb_max,node1_gpu4_mem_gb_min,node1_gpu4_mem_pct_avg,node1_gpu4_mem_pct_max,node1_gpu4_mem_pct_min,node1_gpu4_sm_pct_avg,node1_gpu4_sm_pct_max,node1_gpu4_sm_pct_min,node1_gpu4_membw_pct_avg,node1_gpu4_membw_pct_max,node1_gpu4_membw_pct_min,node1_gpu5_mem_gb_avg,node1_gpu5_mem_gb_max,node1_gpu5_mem_gb_min,node1_gpu5_mem_pct_avg,node1_gpu5_mem_pct_max,node1_gpu5_mem_pct_min,node1_gpu5_sm_pct_avg,node1_gpu5_sm_pct_max,node1_gpu5_sm_pct_min,node1_gpu5_membw_pct_avg,node1_gpu5_membw_pct_max,node1_gpu5_membw_pct_min,node1_gpu6_mem_gb_avg,node1_gpu6_mem_gb_max,node1_gpu6_mem_gb_min,node1_gpu6_mem_pct_avg,node1_gpu6_mem_pct_max,node1_gpu6_mem_pct_min,node1_gpu6_sm_pct_avg,node1_gpu6_sm_pct_max,node1_gpu6_sm_pct_min,node1_gpu6_membw_pct_avg,node1_gpu6_membw_pct_max,node1_gpu6_membw_pct_min,node1_gpu7_mem_gb_avg,node1_gpu7_mem_gb_max,node1_gpu7_mem_gb_min,node1_gpu7_mem_pct_avg,node1_gpu7_mem_pct_max,node1_gpu7_mem_pct_min,node1_gpu7_sm_pct_avg,node1_gpu7_sm_pct_max,node1_gpu7_sm_pct_min,node1_gpu7_membw_pct_avg,node1_gpu7_membw_pct_max,node1_gpu7_membw_pct_min,avg_sm_util_pct,max_sm_util_pct,avg_mem_bw_util_pct,max_mem_bw_util_pct,avg_mem_util_pct,max_mem_util_pct,gpu_samples,num_nodes_monitored,swapped_avg,swapped_max,waiting_avg,waiting_max,running_avg,running_max,kv_cache_util_pct_avg,kv_cache_util_pct_max,scheduler_samples,scheduler_active_samples,data_source,data_source_type,precision,cloud,region,task_type,request_pattern,is_lmcache,is_continuous_batching,kv_offload_target,cuda_graphs,spec_decode,model_name,price_per_instance_hour_usd,gpu_model,gpu_mem_gb,interconnect,gpu_bandwidth_gbps,gpu_tflops_fp16,gpu_generation,runtime_stack,model_architecture,params_billion,model_config_json,vocab_size,is_moe,num_experts_active,tokens_per_sec_total,tokens_per_sec_prefill,tokens_per_sec_decode,total_cost_usd,max_num_seqs,batch_size,gpu_count_total,tokens_per_sec_per_gpu,input_len_tokens_min,input_len_tokens_max,input_len_tokens_avg,input_len_tokens_fixed,output_len_tokens_min,output_len_tokens_max,output_len_tokens_avg,output_len_tokens_fixed,prefill_decode_ratio,num_requests,model_size_gb,params_per_gpu,model_fits_single_gpu,vram_headroom_gb,attention_heads_per_kv_head,bandwidth_per_param,flops_per_param,kv_heads_per_tp,crosses_node_boundary,price_per_gpu_hour_usd,cost_per_1m_tokens_total_usd,cost_per_1m_tokens_prefill_usd,cost_per_1m_tokens_decode_usd,dp,ttft_ms_p50,ttft_ms_p95,ttft_ms_p99,tpot_ms_p50,tpot_ms_p95,tpot_ms_p99,e2e_ms_p50,e2e_ms_p95,e2e_ms_p99,node2_gpu0_mem_gb_avg,node2_gpu0_mem_gb_max,node2_gpu0_mem_gb_min,node2_gpu0_mem_pct_avg,node2_gpu0_mem_pct_max,node2_gpu0_mem_pct_min,node2_gpu0_sm_pct_avg,node2_gpu0_sm_pct_max,node2_gpu0_sm_pct_min,node2_gpu0_membw_pct_avg,node2_gpu0_membw_pct_max,node2_gpu0_membw_pct_min,node2_gpu1_mem_gb_avg,node2_gpu1_mem_gb_max,node2_gpu1_mem_gb_min,node2_gpu1_mem_pct_avg,node2_gpu1_mem_pct_max,node2_gpu1_mem_pct_min,node2_gpu1_sm_pct_avg,node2_gpu1_sm_pct_max,node2_gpu1_sm_pct_min,node2_gpu1_membw_pct_avg,node2_gpu1_membw_pct_max,node2_gpu1_membw_pct_min,node2_gpu2_mem_gb_avg,node2_gpu2_mem_gb_max,node2_gpu2_mem_gb_min,node2_gpu2_mem_pct_avg,node2_gpu2_mem_pct_max,node2_gpu2_mem_pct_min,node2_gpu2_sm_pct_avg,node2_gpu2_sm_pct_max,node2_gpu2_sm_pct_min,node2_gpu2_membw_pct_avg,node2_gpu2_membw_pct_max,node2_gpu2_membw_pct_min,node2_gpu3_mem_gb_avg,node2_gpu3_mem_gb_max,node2_gpu3_mem_gb_min,node2_gpu3_mem_pct_avg,node2_gpu3_mem_pct_max,node2_gpu3_mem_pct_min,node2_gpu3_sm_pct_avg,node2_gpu3_sm_pct_max,node2_gpu3_sm_pct_min,node2_gpu3_membw_pct_avg,node2_gpu3_membw_pct_max,node2_gpu3_membw_pct_min,node2_gpu4_mem_gb_avg,node2_gpu4_mem_gb_max,node2_gpu4_mem_gb_min,node2_gpu4_mem_pct_avg,node2_gpu4_mem_pct_max,node2_gpu4_mem_pct_min,node2_gpu4_sm_pct_avg,node2_gpu4_sm_pct_max,node2_gpu4_sm_pct_min,node2_gpu4_membw_pct_avg,node2_gpu4_membw_pct_max,node2_gpu4_membw_pct_min,node2_gpu5_mem_gb_avg,node2_gpu5_mem_gb_max,node2_gpu5_mem_gb_min,node2_gpu5_mem_pct_avg,node2_gpu5_mem_pct_max,node2_gpu5_mem_pct_min,node2_gpu5_sm_pct_avg,node2_gpu5_sm_pct_max,node2_gpu5_sm_pct_min,node2_gpu5_membw_pct_avg,node2_gpu5_membw_pct_max,node2_gpu5_membw_pct_min,node2_gpu6_mem_gb_avg,node2_gpu6_mem_gb_max,node2_gpu6_mem_gb_min,node2_gpu6_mem_pct_avg,node2_gpu6_mem_pct_max,node2_gpu6_mem_pct_min,node2_gpu6_sm_pct_avg,node2_gpu6_sm_pct_max,node2_gpu6_sm_pct_min,node2_gpu6_membw_pct_avg,node2_gpu6_membw_pct_max,node2_gpu6_membw_pct_min,node2_gpu7_mem_gb_avg,node2_gpu7_mem_gb_max,node2_gpu7_mem_gb_min,node2_gpu7_mem_pct_avg,node2_gpu7_mem_pct_max,node2_gpu7_mem_pct_min,node2_gpu7_sm_pct_avg,node2_gpu7_sm_pct_max,node2_gpu7_sm_pct_min,node2_gpu7_membw_pct_avg,node2_gpu7_membw_pct_max,node2_gpu7_membw_pct_min
4,3,128,128,Qwen/Qwen3-235B-A22B,cluster_error,Command 'sky launch (watchdog timeout)' died with <Signals.SIGKILL: 9>.,,,,,,,,,,,,,,,,,,,,,,,,,,,,,,,,,,,,,,,,,,,,,,,,,,,,,,,,,,,,,,,,,,,,,,,,,,,,,,,,,,,,,,,,,,,,,,,,,,,,,,,,,,,,,,,,,,,,,,,,,,,,,,,,,,,,,,,,,,,,,,,,,,,,,,,,,,,,,,,,,,,,,,,,,,,,,,,,,,,,,,,,,,,,,,,,,,,,,,,,,,,,,,,,,,,,,,,,,,,,,,,,,,,,,,,,,,,,,,,,,,,,,,,,,,,,,,,,,,,,,,,,,,,,,,,,,,,,,,,,,,,,,,,,,,,,,,,,,,,,,,,,,,,,,,,,,,,,,,,,,,,,,,,,,,,,,,,,,,,,,,,,,,,,,,,,,,,,,,,,,,,,,,,,,,,,,,,,,,,,,,,,,,,,,,,,,,,,,,
4,3,128,2048,Qwen/Qwen3-235B-A22B,cluster_error,Command 'sky launch (watchdog timeout)' died with <Signals.SIGKILL: 9>.,,,,,,,,,,,,,,,,,,,,,,,,,,,,,,,,,,,,,,,,,,,,,,,,,,,,,,,,,,,,,,,,,,,,,,,,,,,,,,,,,,,,,,,,,,,,,,,,,,,,,,,,,,,,,,,,,,,,,,,,,,,,,,,,,,,,,,,,,,,,,,,,,,,,,,,,,,,,,,,,,,,,,,,,,,,,,,,,,,,,,,,,,,,,,,,,,,,,,,,,,,,,,,,,,,,,,,,,,,,,,,,,,,,,,,,,,,,,,,,,,,,,,,,,,,,,,,,,,,,,,,,,,,,,,,,,,,,,,,,,,,,,,,,,,,,,,,,,,,,,,,,,,,,,,,,,,,,,,,,,,,,,,,,,,,,,,,,,,,,,,,,,,,,,,,,,,,,,,,,,,,,,,,,,,,,,,,,,,,,,,,,,,,,,,,,,,,,,,,
4,3,512,1024,Qwen/Qwen3-235B-A22B,cluster_error,Command 'sky launch (watchdog timeout)' died with <Signals.SIGKILL: 9>.,,,,,,,,,,,,,,,,,,,,,,,,,,,,,,,,,,,,,,,,,,,,,,,,,,,,,,,,,,,,,,,,,,,,,,,,,,,,,,,,,,,,,,,,,,,,,,,,,,,,,,,,,,,,,,,,,,,,,,,,,,,,,,,,,,,,,,,,,,,,,,,,,,,,,,,,,,,,,,,,,,,,,,,,,,,,,,,,,,,,,,,,,,,,,,,,,,,,,,,,,,,,,,,,,,,,,,,,,,,,,,,,,,,,,,,,,,,,,,,,,,,,,,,,,,,,,,,,,,,,,,,,,,,,,,,,,,,,,,,,,,,,,,,,,,,,,,,,,,,,,,,,,,,,,,,,,,,,,,,,,,,,,,,,,,,,,,,,,,,,,,,,,,,,,,,,,,,,,,,,,,,,,,,,,,,,,,,,,,,,,,,,,,,,,,,,,,,,,,
4,3,1024,512,Qwen/Qwen3-235B-A22B,cluster_error,Command 'sky launch (watchdog timeout)' died with <Signals.SIGKILL: 9>.,,,,,,,,,,,,,,,,,,,,,,,,,,,,,,,,,,,,,,,,,,,,,,,,,,,,,,,,,,,,,,,,,,,,,,,,,,,,,,,,,,,,,,,,,,,,,,,,,,,,,,,,,,,,,,,,,,,,,,,,,,,,,,,,,,,,,,,,,,,,,,,,,,,,,,,,,,,,,,,,,,,,,,,,,,,,,,,,,,,,,,,,,,,,,,,,,,,,,,,,,,,,,,,,,,,,,,,,,,,,,,,,,,,,,,,,,,,,,,,,,,,,,,,,,,,,,,,,,,,,,,,,,,,,,,,,,,,,,,,,,,,,,,,,,,,,,,,,,,,,,,,,,,,,,,,,,,,,,,,,,,,,,,,,,,,,,,,,,,,,,,,,,,,,,,,,,,,,,,,,,,,,,,,,,,,,,,,,,,,,,,,,,,,,,,,,,,,,,,
4,3,4096,1024,Qwen/Qwen3-235B-A22B,cluster_error,Command 'sky launch (watchdog timeout)' died with <Signals.SIGKILL: 9>.,,,,,,,,,,,,,,,,,,,,,,,,,,,,,,,,,,,,,,,,,,,,,,,,,,,,,,,,,,,,,,,,,,,,,,,,,,,,,,,,,,,,,,,,,,,,,,,,,,,,,,,,,,,,,,,,,,,,,,,,,,,,,,,,,,,,,,,,,,,,,,,,,,,,,,,,,,,,,,,,,,,,,,,,,,,,,,,,,,,,,,,,,,,,,,,,,,,,,,,,,,,,,,,,,,,,,,,,,,,,,,,,,,,,,,,,,,,,,,,,,,,,,,,,,,,,,,,,,,,,,,,,,,,,,,,,,,,,,,,,,,,,,,,,,,,,,,,,,,,,,,,,,,,,,,,,,,,,,,,,,,,,,,,,,,,,,,,,,,,,,,,,,,,,,,,,,,,,,,,,,,,,,,,,,,,,,,,,,,,,,,,,,,,,,,,,,,,,,,
4,3,8192,256,Qwen/Qwen3-235B-A22B,cluster_error,Command 'sky launch (watchdog timeout)' died with <Signals.SIGKILL: 9>.,,,,,,,,,,,,,,,,,,,,,,,,,,,,,,,,,,,,,,,,,,,,,,,,,,,,,,,,,,,,,,,,,,,,,,,,,,,,,,,,,,,,,,,,,,,,,,,,,,,,,,,,,,,,,,,,,,,,,,,,,,,,,,,,,,,,,,,,,,,,,,,,,,,,,,,,,,,,,,,,,,,,,,,,,,,,,,,,,,,,,,,,,,,,,,,,,,,,,,,,,,,,,,,,,,,,,,,,,,,,,,,,,,,,,,,,,,,,,,,,,,,,,,,,,,,,,,,,,,,,,,,,,,,,,,,,,,,,,,,,,,,,,,,,,,,,,,,,,,,,,,,,,,,,,,,,,,,,,,,,,,,,,,,,,,,,,,,,,,,,,,,,,,,,,,,,,,,,,,,,,,,,,,,,,,,,,,,,,,,,,,,,,,,,,,,,,,,,,,
4,3,16384,2048,Qwen/Qwen3-235B-A22B,cluster_error,Command 'sky launch (watchdog timeout)' died with <Signals.SIGKILL: 9>.,,,,,,,,,,,,,,,,,,,,,,,,,,,,,,,,,,,,,,,,,,,,,,,,,,,,,,,,,,,,,,,,,,,,,,,,,,,,,,,,,,,,,,,,,,,,,,,,,,,,,,,,,,,,,,,,,,,,,,,,,,,,,,,,,,,,,,,,,,,,,,,,,,,,,,,,,,,,,,,,,,,,,,,,,,,,,,,,,,,,,,,,,,,,,,,,,,,,,,,,,,,,,,,,,,,,,,,,,,,,,,,,,,,,,,,,,,,,,,,,,,,,,,,,,,,,,,,,,,,,,,,,,,,,,,,,,,,,,,,,,,,,,,,,,,,,,,,,,,,,,,,,,,,,,,,,,,,,,,,,,,,,,,,,,,,,,,,,,,,,,,,,,,,,,,,,,,,,,,,,,,,,,,,,,,,,,,,,,,,,,,,,,,,,,,,,,,,,,,
4,4,128,128,Qwen/Qwen3-235B-A22B,cluster_error,Command 'sky launch (watchdog timeout)' died with <Signals.SIGKILL: 9>.,,,,,,,,,,,,,,,,,,,,,,,,,,,,,,,,,,,,,,,,,,,,,,,,,,,,,,,,,,,,,,,,,,,,,,,,,,,,,,,,,,,,,,,,,,,,,,,,,,,,,,,,,,,,,,,,,,,,,,,,,,,,,,,,,,,,,,,,,,,,,,,,,,,,,,,,,,,,,,,,,,,,,,,,,,,,,,,,,,,,,,,,,,,,,,,,,,,,,,,,,,,,,,,,,,,,,,,,,,,,,,,,,,,,,,,,,,,,,,,,,,,,,,,,,,,,,,,,,,,,,,,,,,,,,,,,,,,,,,,,,,,,,,,,,,,,,,,,,,,,,,,,,,,,,,,,,,,,,,,,,,,,,,,,,,,,,,,,,,,,,,,,,,,,,,,,,,,,,,,,,,,,,,,,,,,,,,,,,,,,,,,,,,,,,,,,,,,,,,
4,4,128,2048,Qwen/Qwen3-235B-A22B,cluster_error,Command 'sky launch (watchdog timeout)' died with <Signals.SIGKILL: 9>.,,,,,,,,,,,,,,,,,,,,,,,,,,,,,,,,,,,,,,,,,,,,,,,,,,,,,,,,,,,,,,,,,,,,,,,,,,,,,,,,,,,,,,,,,,,,,,,,,,,,,,,,,,,,,,,,,,,,,,,,,,,,,,,,,,,,,,,,,,,,,,,,,,,,,,,,,,,,,,,,,,,,,,,,,,,,,,,,,,,,,,,,,,,,,,,,,,,,,,,,,,,,,,,,,,,,,,,,,,,,,,,,,,,,,,,,,,,,,,,,,,,,,,,,,,,,,,,,,,,,,,,,,,,,,,,,,,,,,,,,,,,,,,,,,,,,,,,,,,,,,,,,,,,,,,,,,,,,,,,,,,,,,,,,,,,,,,,,,,,,,,,,,,,,,,,,,,,,,,,,,,,,,,,,,,,,,,,,,,,,,,,,,,,,,,,,,,,,,,
4,4,512,1024,Qwen/Qwen3-235B-A22B,cluster_error,Command 'sky launch (watchdog timeout)' died with <Signals.SIGKILL: 9>.,,,,,,,,,,,,,,,,,,,,,,,,,,,,,,,,,,,,,,,,,,,,,,,,,,,,,,,,,,,,,,,,,,,,,,,,,,,,,,,,,,,,,,,,,,,,,,,,,,,,,,,,,,,,,,,,,,,,,,,,,,,,,,,,,,,,,,,,,,,,,,,,,,,,,,,,,,,,,,,,,,,,,,,,,,,,,,,,,,,,,,,,,,,,,,,,,,,,,,,,,,,,,,,,,,,,,,,,,,,,,,,,,,,,,,,,,,,,,,,,,,,,,,,,,,,,,,,,,,,,,,,,,,,,,,,,,,,,,,,,,,,,,,,,,,,,,,,,,,,,,,,,,,,,,,,,,,,,,,,,,,,,,,,,,,,,,,,,,,,,,,,,,,,,,,,,,,,,,,,,,,,,,,,,,,,,,,,,,,,,,,,,,,,,,,,,,,,,,,
4,4,1024,512,Qwen/Qwen3-235B-A22B,cluster_error,Command 'sky launch (watchdog timeout)' died with <Signals.SIGKILL: 9>.,,,,,,,,,,,,,,,,,,,,,,,,,,,,,,,,,,,,,,,,,,,,,,,,,,,,,,,,,,,,,,,,,,,,,,,,,,,,,,,,,,,,,,,,,,,,,,,,,,,,,,,,,,,,,,,,,,,,,,,,,,,,,,,,,,,,,,,,,,,,,,,,,,,,,,,,,,,,,,,,,,,,,,,,,,,,,,,,,,,,,,,,,,,,,,,,,,,,,,,,,,,,,,,,,,,,,,,,,,,,,,,,,,,,,,,,,,,,,,,,,,,,,,,,,,,,,,,,,,,,,,,,,,,,,,,,,,,,,,,,,,,,,,,,,,,,,,,,,,,,,,,,,,,,,,,,,,,,,,,,,,,,,,,,,,,,,,,,,,,,,,,,,,,,,,,,,,,,,,,,,,,,,,,,,,,,,,,,,,,,,,,,,,,,,,,,,,,,,,
4,4,4096,1024,Qwen/Qwen3-235B-A22B,cluster_error,Command 'sky launch (watchdog timeout)' died with <Signals.SIGKILL: 9>.,,,,,,,,,,,,,,,,,,,,,,,,,,,,,,,,,,,,,,,,,,,,,,,,,,,,,,,,,,,,,,,,,,,,,,,,,,,,,,,,,,,,,,,,,,,,,,,,,,,,,,,,,,,,,,,,,,,,,,,,,,,,,,,,,,,,,,,,,,,,,,,,,,,,,,,,,,,,,,,,,,,,,,,,,,,,,,,,,,,,,,,,,,,,,,,,,,,,,,,,,,,,,,,,,,,,,,,,,,,,,,,,,,,,,,,,,,,,,,,,,,,,,,,,,,,,,,,,,,,,,,,,,,,,,,,,,,,,,,,,,,,,,,,,,,,,,,,,,,,,,,,,,,,,,,,,,,,,,,,,,,,,,,,,,,,,,,,,,,,,,,,,,,,,,,,,,,,,,,,,,,,,,,,,,,,,,,,,,,,,,,,,,,,,,,,,,,,,,,
4,4,8192,256,Qwen/Qwen3-235B-A22B,cluster_error,Command 'sky launch (watchdog timeout)' died with <Signals.SIGKILL: 9>.,,,,,,,,,,,,,,,,,,,,,,,,,,,,,,,,,,,,,,,,,,,,,,,,,,,,,,,,,,,,,,,,,,,,,,,,,,,,,,,,,,,,,,,,,,,,,,,,,,,,,,,,,,,,,,,,,,,,,,,,,,,,,,,,,,,,,,,,,,,,,,,,,,,,,,,,,,,,,,,,,,,,,,,,,,,,,,,,,,,,,,,,,,,,,,,,,,,,,,,,,,,,,,,,,,,,,,,,,,,,,,,,,,,,,,,,,,,,,,,,,,,,,,,,,,,,,,,,,,,,,,,,,,,,,,,,,,,,,,,,,,,,,,,,,,,,,,,,,,,,,,,,,,,,,,,,,,,,,,,,,,,,,,,,,,,,,,,,,,,,,,,,,,,,,,,,,,,,,,,,,,,,,,,,,,,,,,,,,,,,,,,,,,,,,,,,,,,,,,
4,4,16384,2048,Qwen/Qwen3-235B-A22B,cluster_error,Command 'sky launch (watchdog timeout)' died with <Signals.SIGKILL: 9>.,,,,,,,,,,,,,,,,,,,,,,,,,,,,,,,,,,,,,,,,,,,,,,,,,,,,,,,,,,,,,,,,,,,,,,,,,,,,,,,,,,,,,,,,,,,,,,,,,,,,,,,,,,,,,,,,,,,,,,,,,,,,,,,,,,,,,,,,,,,,,,,,,,,,,,,,,,,,,,,,,,,,,,,,,,,,,,,,,,,,,,,,,,,,,,,,,,,,,,,,,,,,,,,,,,,,,,,,,,,,,,,,,,,,,,,,,,,,,,,,,,,,,,,,,,,,,,,,,,,,,,,,,,,,,,,,,,,,,,,,,,,,,,,,,,,,,,,,,,,,,,,,,,,,,,,,,,,,,,,,,,,,,,,,,,,,,,,,,,,,,,,,,,,,,,,,,,,,,,,,,,,,,,,,,,,,,,,,,,,,,,,,,,,,,,,,,,,,,,
2,4,128,128,Qwen/Qwen3-235B-A22B,cluster_error,Command 'sky launch' returned non-zero exit status 100.,,,,,,,,,,,,,,,,,,,,,,,,,,,,,,,,,,,,,,,,,,,,,,,,,,,,,,,,,,,,,,,,,,,,,,,,,,,,,,,,,,,,,,,,,,,,,,,,,,,,,,,,,,,,,,,,,,,,,,,,,,,,,,,,,,,,,,,,,,,,,,,,,,,,,,,,,,,,,,,,,,,,,,,,,,,,,,,,,,,,,,,,,,,,,,,,,,,,,,,,,,,,,,,,,,,,,,,,,,,,,,,,,,,,,,,,,,,,,,,,,,,,,,,,,,,,,,,,,,,,,,,,,,,,,,,,,,,,,,,,,,,,,,,,,,,,,,,,,,,,,,,,,,,,,,,,,,,,,,,,,,,,,,,,,,,,,,,,,,,,,,,,,,,,,,,,,,,,,,,,,,,,,,,,,,,,,,,,,,,,,,,,,,,,,,,,,,,,,,
2,4,128,2048,Qwen/Qwen3-235B-A22B,cluster_error,Command 'sky launch' returned non-zero exit status 100.,,,,,,,,,,,,,,,,,,,,,,,,,,,,,,,,,,,,,,,,,,,,,,,,,,,,,,,,,,,,,,,,,,,,,,,,,,,,,,,,,,,,,,,,,,,,,,,,,,,,,,,,,,,,,,,,,,,,,,,,,,,,,,,,,,,,,,,,,,,,,,,,,,,,,,,,,,,,,,,,,,,,,,,,,,,,,,,,,,,,,,,,,,,,,,,,,,,,,,,,,,,,,,,,,,,,,,,,,,,,,,,,,,,,,,,,,,,,,,,,,,,,,,,,,,,,,,,,,,,,,,,,,,,,,,,,,,,,,,,,,,,,,,,,,,,,,,,,,,,,,,,,,,,,,,,,,,,,,,,,,,,,,,,,,,,,,,,,,,,,,,,,,,,,,,,,,,,,,,,,,,,,,,,,,,,,,,,,,,,,,,,,,,,,,,,,,,,,,,
2,4,512,1024,Qwen/Qwen3-235B-A22B,cluster_error,Command 'sky launch' returned non-zero exit status 100.,,,,,,,,,,,,,,,,,,,,,,,,,,,,,,,,,,,,,,,,,,,,,,,,,,,,,,,,,,,,,,,,,,,,,,,,,,,,,,,,,,,,,,,,,,,,,,,,,,,,,,,,,,,,,,,,,,,,,,,,,,,,,,,,,,,,,,,,,,,,,,,,,,,,,,,,,,,,,,,,,,,,,,,,,,,,,,,,,,,,,,,,,,,,,,,,,,,,,,,,,,,,,,,,,,,,,,,,,,,,,,,,,,,,,,,,,,,,,,,,,,,,,,,,,,,,,,,,,,,,,,,,,,,,,,,,,,,,,,,,,,,,,,,,,,,,,,,,,,,,,,,,,,,,,,,,,,,,,,,,,,,,,,,,,,,,,,,,,,,,,,,,,,,,,,,,,,,,,,,,,,,,,,,,,,,,,,,,,,,,,,,,,,,,,,,,,,,,,,
2,4,1024,512,Qwen/Qwen3-235B-A22B,cluster_error,Command 'sky launch' returned non-zero exit status 100.,,,,,,,,,,,,,,,,,,,,,,,,,,,,,,,,,,,,,,,,,,,,,,,,,,,,,,,,,,,,,,,,,,,,,,,,,,,,,,,,,,,,,,,,,,,,,,,,,,,,,,,,,,,,,,,,,,,,,,,,,,,,,,,,,,,,,,,,,,,,,,,,,,,,,,,,,,,,,,,,,,,,,,,,,,,,,,,,,,,,,,,,,,,,,,,,,,,,,,,,,,,,,,,,,,,,,,,,,,,,,,,,,,,,,,,,,,,,,,,,,,,,,,,,,,,,,,,,,,,,,,,,,,,,,,,,,,,,,,,,,,,,,,,,,,,,,,,,,,,,,,,,,,,,,,,,,,,,,,,,,,,,,,,,,,,,,,,,,,,,,,,,,,,,,,,,,,,,,,,,,,,,,,,,,,,,,,,,,,,,,,,,,,,,,,,,,,,,,,
2,4,4096,1024,Qwen/Qwen3-235B-A22B,cluster_error,Command 'sky launch' returned non-zero exit status 100.,,,,,,,,,,,,,,,,,,,,,,,,,,,,,,,,,,,,,,,,,,,,,,,,,,,,,,,,,,,,,,,,,,,,,,,,,,,,,,,,,,,,,,,,,,,,,,,,,,,,,,,,,,,,,,,,,,,,,,,,,,,,,,,,,,,,,,,,,,,,,,,,,,,,,,,,,,,,,,,,,,,,,,,,,,,,,,,,,,,,,,,,,,,,,,,,,,,,,,,,,,,,,,,,,,,,,,,,,,,,,,,,,,,,,,,,,,,,,,,,,,,,,,,,,,,,,,,,,,,,,,,,,,,,,,,,,,,,,,,,,,,,,,,,,,,,,,,,,,,,,,,,,,,,,,,,,,,,,,,,,,,,,,,,,,,,,,,,,,,,,,,,,,,,,,,,,,,,,,,,,,,,,,,,,,,,,,,,,,,,,,,,,,,,,,,,,,,,,,
2,4,8192,256,Qwen/Qwen3-235B-A22B,cluster_error,Command 'sky launch' returned non-zero exit status 100.,,,,,,,,,,,,,,,,,,,,,,,,,,,,,,,,,,,,,,,,,,,,,,,,,,,,,,,,,,,,,,,,,,,,,,,,,,,,,,,,,,,,,,,,,,,,,,,,,,,,,,,,,,,,,,,,,,,,,,,,,,,,,,,,,,,,,,,,,,,,,,,,,,,,,,,,,,,,,,,,,,,,,,,,,,,,,,,,,,,,,,,,,,,,,,,,,,,,,,,,,,,,,,,,,,,,,,,,,,,,,,,,,,,,,,,,,,,,,,,,,,,,,,,,,,,,,,,,,,,,,,,,,,,,,,,,,,,,,,,,,,,,,,,,,,,,,,,,,,,,,,,,,,,,,,,,,,,,,,,,,,,,,,,,,,,,,,,,,,,,,,,,,,,,,,,,,,,,,,,,,,,,,,,,,,,,,,,,,,,,,,,,,,,,,,,,,,,,,,
2,4,16384,2048,Qwen/Qwen3-235B-A22B,cluster_error,Command 'sky launch' returned non-zero exit status 100.,,,,,,,,,,,,,,,,,,,,,,,,,,,,,,,,,,,,,,,,,,,,,,,,,,,,,,,,,,,,,,,,,,,,,,,,,,,,,,,,,,,,,,,,,,,,,,,,,,,,,,,,,,,,,,,,,,,,,,,,,,,,,,,,,,,,,,,,,,,,,,,,,,,,,,,,,,,,,,,,,,,,,,,,,,,,,,,,,,,,,,,,,,,,,,,,,,,,,,,,,,,,,,,,,,,,,,,,,,,,,,,,,,,,,,,,,,,,,,,,,,,,,,,,,,,,,,,,,,,,,,,,,,,,,,,,,,,,,,,,,,,,,,,,,,,,,,,,,,,,,,,,,,,,,,,,,,,,,,,,,,,,,,,,,,,,,,,,,,,,,,,,,,,,,,,,,,,,,,,,,,,,,,,,,,,,,,,,,,,,,,,,,,,,,,,,,,,,,,
4,2,128,128,Qwen/Qwen3-235B-A22B,cluster_error,Command 'sky launch' returned non-zero exit status 100.,,,,,,,,,,,,,,,,,,,,,,,,,,,,,,,,,,,,,,,,,,,,,,,,,,,,,,,,,,,,,,,,,,,,,,,,,,,,,,,,,,,,,,,,,,,,,,,,,,,,,,,,,,,,,,,,,,,,,,,,,,,,,,,,,,,,,,,,,,,,,,,,,,,,,,,,,,,,,,,,,,,,,,,,,,,,,,,,,,,,,,,,,,,,,,,,,,,,,,,,,,,,,,,,,,,,,,,,,,,,,,,,,,,,,,,,,,,,,,,,,,,,,,,,,,,,,,,,,,,,,,,,,,,,,,,,,,,,,,,,,,,,,,,,,,,,,,,,,,,,,,,,,,,,,,,,,,,,,,,,,,,,,,,,,,,,,,,,,,,,,,,,,,,,,,,,,,,,,,,,,,,,,,,,,,,,,,,,,,,,,,,,,,,,,,,,,,,,,,
4,2,128,2048,Qwen/Qwen3-235B-A22B,cluster_error,Command 'sky launch' returned non-zero exit status 100.,,,,,,,,,,,,,,,,,,,,,,,,,,,,,,,,,,,,,,,,,,,,,,,,,,,,,,,,,,,,,,,,,,,,,,,,,,,,,,,,,,,,,,,,,,,,,,,,,,,,,,,,,,,,,,,,,,,,,,,,,,,,,,,,,,,,,,,,,,,,,,,,,,,,,,,,,,,,,,,,,,,,,,,,,,,,,,,,,,,,,,,,,,,,,,,,,,,,,,,,,,,,,,,,,,,,,,,,,,,,,,,,,,,,,,,,,,,,,,,,,,,,,,,,,,,,,,,,,,,,,,,,,,,,,,,,,,,,,,,,,,,,,,,,,,,,,,,,,,,,,,,,,,,,,,,,,,,,,,,,,,,,,,,,,,,,,,,,,,,,,,,,,,,,,,,,,,,,,,,,,,,,,,,,,,,,,,,,,,,,,,,,,,,,,,,,,,,,,,
4,2,512,1024,Qwen/Qwen3-235B-A22B,cluster_error,Command 'sky launch' returned non-zero exit status 100.,,,,,,,,,,,,,,,,,,,,,,,,,,,,,,,,,,,,,,,,,,,,,,,,,,,,,,,,,,,,,,,,,,,,,,,,,,,,,,,,,,,,,,,,,,,,,,,,,,,,,,,,,,,,,,,,,,,,,,,,,,,,,,,,,,,,,,,,,,,,,,,,,,,,,,,,,,,,,,,,,,,,,,,,,,,,,,,,,,,,,,,,,,,,,,,,,,,,,,,,,,,,,,,,,,,,,,,,,,,,,,,,,,,,,,,,,,,,,,,,,,,,,,,,,,,,,,,,,,,,,,,,,,,,,,,,,,,,,,,,,,,,,,,,,,,,,,,,,,,,,,,,,,,,,,,,,,,,,,,,,,,,,,,,,,,,,,,,,,,,,,,,,,,,,,,,,,,,,,,,,,,,,,,,,,,,,,,,,,,,,,,,,,,,,,,,,,,,,,
4,2,1024,512,Qwen/Qwen3-235B-A22B,cluster_error,Command 'sky launch' returned non-zero exit status 100.,,,,,,,,,,,,,,,,,,,,,,,,,,,,,,,,,,,,,,,,,,,,,,,,,,,,,,,,,,,,,,,,,,,,,,,,,,,,,,,,,,,,,,,,,,,,,,,,,,,,,,,,,,,,,,,,,,,,,,,,,,,,,,,,,,,,,,,,,,,,,,,,,,,,,,,,,,,,,,,,,,,,,,,,,,,,,,,,,,,,,,,,,,,,,,,,,,,,,,,,,,,,,,,,,,,,,,,,,,,,,,,,,,,,,,,,,,,,,,,,,,,,,,,,,,,,,,,,,,,,,,,,,,,,,,,,,,,,,,,,,,,,,,,,,,,,,,,,,,,,,,,,,,,,,,,,,,,,,,,,,,,,,,,,,,,,,,,,,,,,,,,,,,,,,,,,,,,,,,,,,,,,,,,,,,,,,,,,,,,,,,,,,,,,,,,,,,,,,,
4,2,4096,1024,Qwen/Qwen3-235B-A22B,cluster_error,Command 'sky launch' returned non-zero exit status 100.,,,,,,,,,,,,,,,,,,,,,,,,,,,,,,,,,,,,,,,,,,,,,,,,,,,,,,,,,,,,,,,,,,,,,,,,,,,,,,,,,,,,,,,,,,,,,,,,,,,,,,,,,,,,,,,,,,,,,,,,,,,,,,,,,,,,,,,,,,,,,,,,,,,,,,,,,,,,,,,,,,,,,,,,,,,,,,,,,,,,,,,,,,,,,,,,,,,,,,,,,,,,,,,,,,,,,,,,,,,,,,,,,,,,,,,,,,,,,,,,,,,,,,,,,,,,,,,,,,,,,,,,,,,,,,,,,,,,,,,,,,,,,,,,,,,,,,,,,,,,,,,,,,,,,,,,,,,,,,,,,,,,,,,,,,,,,,,,,,,,,,,,,,,,,,,,,,,,,,,,,,,,,,,,,,,,,,,,,,,,,,,,,,,,,,,,,,,,,,
4,2,8192,256,Qwen/Qwen3-235B-A22B,cluster_error,Command 'sky launch' returned non-zero exit status 100.,,,,,,,,,,,,,,,,,,,,,,,,,,,,,,,,,,,,,,,,,,,,,,,,,,,,,,,,,,,,,,,,,,,,,,,,,,,,,,,,,,,,,,,,,,,,,,,,,,,,,,,,,,,,,,,,,,,,,,,,,,,,,,,,,,,,,,,,,,,,,,,,,,,,,,,,,,,,,,,,,,,,,,,,,,,,,,,,,,,,,,,,,,,,,,,,,,,,,,,,,,,,,,,,,,,,,,,,,,,,,,,,,,,,,,,,,,,,,,,,,,,,,,,,,,,,,,,,,,,,,,,,,,,,,,,,,,,,,,,,,,,,,,,,,,,,,,,,,,,,,,,,,,,,,,,,,,,,,,,,,,,,,,,,,,,,,,,,,,,,,,,,,,,,,,,,,,,,,,,,,,,,,,,,,,,,,,,,,,,,,,,,,,,,,,,,,,,,,,
4,2,16384,2048,Qwen/Qwen3-235B-A22B,cluster_error,Command 'sky launch' returned non-zero exit status 100.,,,,,,,,,,,,,,,,,,,,,,,,,,,,,,,,,,,,,,,,,,,,,,,,,,,,,,,,,,,,,,,,,,,,,,,,,,,,,,,,,,,,,,,,,,,,,,,,,,,,,,,,,,,,,,,,,,,,,,,,,,,,,,,,,,,,,,,,,,,,,,,,,,,,,,,,,,,,,,,,,,,,,,,,,,,,,,,,,,,,,,,,,,,,,,,,,,,,,,,,,,,,,,,,,,,,,,,,,,,,,,,,,,,,,,,,,,,,,,,,,,,,,,,,,,,,,,,,,,,,,,,,,,,,,,,,,,,,,,,,,,,,,,,,,,,,,,,,,,,,,,,,,,,,,,,,,,,,,,,,,,,,,,,,,,,,,,,,,,,,,,,,,,,,,,,,,,,,,,,,,,,,,,,,,,,,,,,,,,,,,,,,,,,,,,,,,,,,,,
8,1,128,128,Qwen/Qwen3-235B-A22B,cluster_error,Command 'sky launch' returned non-zero exit status 100.,,,,,,,,,,,,,,,,,,,,,,,,,,,,,,,,,,,,,,,,,,,,,,,,,,,,,,,,,,,,,,,,,,,,,,,,,,,,,,,,,,,,,,,,,,,,,,,,,,,,,,,,,,,,,,,,,,,,,,,,,,,,,,,,,,,,,,,,,,,,,,,,,,,,,,,,,,,,,,,,,,,,,,,,,,,,,,,,,,,,,,,,,,,,,,,,,,,,,,,,,,,,,,,,,,,,,,,,,,,,,,,,,,,,,,,,,,,,,,,,,,,,,,,,,,,,,,,,,,,,,,,,,,,,,,,,,,,,,,,,,,,,,,,,,,,,,,,,,,,,,,,,,,,,,,,,,,,,,,,,,,,,,,,,,,,,,,,,,,,,,,,,,,,,,,,,,,,,,,,,,,,,,,,,,,,,,,,,,,,,,,,,,,,,,,,,,,,,,,
8,1,128,2048,Qwen/Qwen3-235B-A22B,cluster_error,Command 'sky launch' returned non-zero exit status 100.,,,,,,,,,,,,,,,,,,,,,,,,,,,,,,,,,,,,,,,,,,,,,,,,,,,,,,,,,,,,,,,,,,,,,,,,,,,,,,,,,,,,,,,,,,,,,,,,,,,,,,,,,,,,,,,,,,,,,,,,,,,,,,,,,,,,,,,,,,,,,,,,,,,,,,,,,,,,,,,,,,,,,,,,,,,,,,,,,,,,,,,,,,,,,,,,,,,,,,,,,,,,,,,,,,,,,,,,,,,,,,,,,,,,,,,,,,,,,,,,,,,,,,,,,,,,,,,,,,,,,,,,,,,,,,,,,,,,,,,,,,,,,,,,,,,,,,,,,,,,,,,,,,,,,,,,,,,,,,,,,,,,,,,,,,,,,,,,,,,,,,,,,,,,,,,,,,,,,,,,,,,,,,,,,,,,,,,,,,,,,,,,,,,,,,,,,,,,,,
8,1,512,1024,Qwen/Qwen3-235B-A22B,cluster_error,Command 'sky launch' returned non-zero exit status 100.,,,,,,,,,,,,,,,,,,,,,,,,,,,,,,,,,,,,,,,,,,,,,,,,,,,,,,,,,,,,,,,,,,,,,,,,,,,,,,,,,,,,,,,,,,,,,,,,,,,,,,,,,,,,,,,,,,,,,,,,,,,,,,,,,,,,,,,,,,,,,,,,,,,,,,,,,,,,,,,,,,,,,,,,,,,,,,,,,,,,,,,,,,,,,,,,,,,,,,,,,,,,,,,,,,,,,,,,,,,,,,,,,,,,,,,,,,,,,,,,,,,,,,,,,,,,,,,,,,,,,,,,,,,,,,,,,,,,,,,,,,,,,,,,,,,,,,,,,,,,,,,,,,,,,,,,,,,,,,,,,,,,,,,,,,,,,,,,,,,,,,,,,,,,,,,,,,,,,,,,,,,,,,,,,,,,,,,,,,,,,,,,,,,,,,,,,,,,,,
8,1,1024,512,Qwen/Qwen3-235B-A22B,cluster_error,Command 'sky launch' returned non-zero exit status 100.,,,,,,,,,,,,,,,,,,,,,,,,,,,,,,,,,,,,,,,,,,,,,,,,,,,,,,,,,,,,,,,,,,,,,,,,,,,,,,,,,,,,,,,,,,,,,,,,,,,,,,,,,,,,,,,,,,,,,,,,,,,,,,,,,,,,,,,,,,,,,,,,,,,,,,,,,,,,,,,,,,,,,,,,,,,,,,,,,,,,,,,,,,,,,,,,,,,,,,,,,,,,,,,,,,,,,,,,,,,,,,,,,,,,,,,,,,,,,,,,,,,,,,,,,,,,,,,,,,,,,,,,,,,,,,,,,,,,,,,,,,,,,,,,,,,,,,,,,,,,,,,,,,,,,,,,,,,,,,,,,,,,,,,,,,,,,,,,,,,,,,,,,,,,,,,,,,,,,,,,,,,,,,,,,,,,,,,,,,,,,,,,,,,,,,,,,,,,,,
8,1,4096,1024,Qwen/Qwen3-235B-A22B,cluster_error,Command 'sky launch' returned non-zero exit status 100.,,,,,,,,,,,,,,,,,,,,,,,,,,,,,,,,,,,,,,,,,,,,,,,,,,,,,,,,,,,,,,,,,,,,,,,,,,,,,,,,,,,,,,,,,,,,,,,,,,,,,,,,,,,,,,,,,,,,,,,,,,,,,,,,,,,,,,,,,,,,,,,,,,,,,,,,,,,,,,,,,,,,,,,,,,,,,,,,,,,,,,,,,,,,,,,,,,,,,,,,,,,,,,,,,,,,,,,,,,,,,,,,,,,,,,,,,,,,,,,,,,,,,,,,,,,,,,,,,,,,,,,,,,,,,,,,,,,,,,,,,,,,,,,,,,,,,,,,,,,,,,,,,,,,,,,,,,,,,,,,,,,,,,,,,,,,,,,,,,,,,,,,,,,,,,,,,,,,,,,,,,,,,,,,,,,,,,,,,,,,,,,,,,,,,,,,,,,,,,
8,1,8192,256,Qwen/Qwen3-235B-A22B,cluster_error,Command 'sky launch' returned non-zero exit status 100.,,,,,,,,,,,,,,,,,,,,,,,,,,,,,,,,,,,,,,,,,,,,,,,,,,,,,,,,,,,,,,,,,,,,,,,,,,,,,,,,,,,,,,,,,,,,,,,,,,,,,,,,,,,,,,,,,,,,,,,,,,,,,,,,,,,,,,,,,,,,,,,,,,,,,,,,,,,,,,,,,,,,,,,,,,,,,,,,,,,,,,,,,,,,,,,,,,,,,,,,,,,,,,,,,,,,,,,,,,,,,,,,,,,,,,,,,,,,,,,,,,,,,,,,,,,,,,,,,,,,,,,,,,,,,,,,,,,,,,,,,,,,,,,,,,,,,,,,,,,,,,,,,,,,,,,,,,,,,,,,,,,,,,,,,,,,,,,,,,,,,,,,,,,,,,,,,,,,,,,,,,,,,,,,,,,,,,,,,,,,,,,,,,,,,,,,,,,,,,
8,1,16384,2048,Qwen/Qwen3-235B-A22B,cluster_error,Command 'sky launch' returned non-zero exit status 100.,,,,,,,,,,,,,,,,,,,,,,,,,,,,,,,,,,,,,,,,,,,,,,,,,,,,,,,,,,,,,,,,,,,,,,,,,,,,,,,,,,,,,,,,,,,,,,,,,,,,,,,,,,,,,,,,,,,,,,,,,,,,,,,,,,,,,,,,,,,,,,,,,,,,,,,,,,,,,,,,,,,,,,,,,,,,,,,,,,,,,,,,,,,,,,,,,,,,,,,,,,,,,,,,,,,,,,,,,,,,,,,,,,,,,,,,,,,,,,,,,,,,,,,,,,,,,,,,,,,,,,,,,,,,,,,,,,,,,,,,,,,,,,,,,,,,,,,,,,,,,,,,,,,,,,,,,,,,,,,,,,,,,,,,,,,,,,,,,,,,,,,,,,,,,,,,,,,,,,,,,,,,,,,,,,,,,,,,,,,,,,,,,,,,,,,,,,,,,,
8,2,128,128,Qwen/Qwen3-235B-A22B,success,,tp8_pp2_in128_out128,77.913,12288.0,12288.0,1.232,157.71,157.71,315.43,results/aws_g6e_L40S/tp8-pp2-2x_g6e_48xlarge-20260309_055113-success/timeseries_tp8_pp2_in128_out128.json,2x g6e.48xlarge,26.7,2,8,16,0.5779,42529.72,21264.86,21264.86,96,24,0,distributed,2,2,39.16,39.19,39.06,87.02,87.1,86.8,46.16,100,0,19.39,42,0,39.16,39.19,39.06,87.02,87.1,86.8,50.52,100,0,19.43,41,0,39.16,39.19,39.06,87.02,87.1,86.8,44.01,100,0,19.46,41,0,39.16,39.19,39.06,87.02,87.1,86.8,50.83,100,0,19.4,42,0,39.16,39.19,39.06,87.02,87.1,86.8,49.02,100,0,19.37,42,0,39.16,39.19,39.06,87.02,87.1,86.8,50.16,100,0,19.47,42,0,39.16,39.19,39.06,87.02,87.1,86.8,42.67,100,0,19.41,42,0,39.16,39.19,39.06,87.02,87.1,86.8,50.31,100,0,19.51,42,0,39.14,39.14,39.14,87.0,87.0,87.0,53.43,100,0,18.84,40,0,39.14,39.14,39.14,87.0,87.0,87.0,55.14,100,0,18.68,40,0,39.14,39.14,39.14,87.0,87.0,87.0,56.19,100,0,18.73,40,0,39.14,39.14,39.14,87.0,87.0,87.0,53.8,100,0,18.68,40,0,39.14,39.14,39.14,87.0,87.0,87.0,56.34,100,0,18.83,40,0,39.14,39.14,39.14,87.0,87.0,87.0,42.57,100,0,18.67,40,0,39.14,39.14,39.14,87.0,87.0,87.0,57.56,100,0,18.69,40,0,39.14,39.14,39.14,87.0,87.0,87.0,51.34,100,0,18.67,39,0,50.62,100,19.08,42,87.01,87.1,417,2,0.0,0,0.11,4.0,20.95,24.0,1.05,1.6,201,148,our_experiment,measured,bf16,aws,,batched,offline_batch,False,True,,,,Qwen/Qwen3-235B-A22B,26.7,L40S,48,PCIe,864,362,Ada Lovelace,vllm 0.10.0,Qwen3MoeForCausalLM,235.09,"{""vocab_size"": 151936, ""max_position_embeddings"": 40960, ""hidden_size"": 4096, ""intermediate_size"": 12288, ""num_hidden_layers"": 94, ""num_attention_heads"": 64, ""use_sliding_window"": false, ""sliding_window"": null, ""num_key_value_heads"": 4, ""hidden_act"": ""silu"", ""initializer_range"": 0.02, ""rms_norm_eps"": 1e-06, ""use_cache"": true, ""rope_theta"": 1000000.0, ""rope_scaling"": null, ""attention_bias"": false, ""attention_dropout"": 0.0, ""decoder_sparse_step"": 1, ""moe_intermediate_size"": 1536, ""num_experts_per_tok"": 8, ""num_experts"": 128, ""norm_topk_prob"": true, ""output_router_logits"": false, ""router_aux_loss_coef"": 0.001, ""mlp_only_layers"": [], ""return_dict"": true, ""output_hidden_states"": false, ""torchscript"": false, ""dtype"": ""bfloat16"", ""pruned_heads"": {}, ""tie_word_embeddings"": false, ""chunk_size_feed_forward"": 0, ""is_encoder_decoder"": false, ""is_decoder"": false, ""cross_attention_hidden_size"": null, ""add_cross_attention"": false, ""tie_encoder_decoder"": false, ""architectures"": [""Qwen3MoeForCausalLM""], ""finetuning_task"": null, ""id2label"": {""0"": ""LABEL_0"", ""1"": ""LABEL_1""}, ""label2id"": {""LABEL_0"": 0, ""LABEL_1"": 1}, ""task_specific_params"": null, ""problem_type"": null, ""tokenizer_class"": null, ""prefix"": null, ""bos_token_id"": 151643, ""pad_token_id"": null, ""eos_token_id"": 151645, ""sep_token_id"": null, ""decoder_start_token_id"": null, ""max_length"": 20, ""min_length"": 0, ""do_sample"": false, ""early_stopping"": false, ""num_beams"": 1, ""temperature"": 1.0, ""top_k"": 50, ""top_p"": 1.0, ""typical_p"": 1.0, ""repetition_penalty"": 1.0, ""length_penalty"": 1.0, ""no_repeat_ngram_size"": 0, ""encoder_no_repeat_ngram_size"": 0, ""bad_words_ids"": null, ""num_return_sequences"": 1, ""output_scores"": false, ""return_dict_in_generate"": false, ""forced_bos_token_id"": null, ""forced_eos_token_id"": null, ""remove_invalid_values"": false, ""exponential_decay_length_penalty"": null, ""suppress_tokens"": null, ""begin_suppress_tokens"": null, ""num_beam_groups"": 1, ""diversity_penalty"": 0.0, ""_name_or_path"": ""/models/Qwen/Qwen3-235B-A22B"", ""transformers_version"": ""4.57.3"", ""head_dim"": 128, ""max_window_layers"": 94, ""model_type"": ""qwen3_moe"", ""tf_legacy_loss"": false, ""use_bfloat16"": false, ""output_attentions"": false}",151936,True,8,315.43,157.71,157.71,0.577855,256,256,16,19.7144,128,128,128,128,128,128,128,128,1.0,96,470.18,14.6931,False,297.82,16.0,29.4015,12.3187,0.5,True,1.6687,23.5129,47.0272,47.0272,,2218.75,9866.667,17600.0,125.567,148.607,304.333,18333.333,28000.0,29600.0,,,,,,,,,,,,,,,,,,,,,,,,,,,,,,,,,,,,,,,,,,,,,,,,,,,,,,,,,,,,,,,,,,,,,,,,,,,,,,,,,,,,,,,,,,,,,,,,
8,2,128,2048,Qwen/Qwen3-235B-A22B,success,,tp8_pp2_in128_out2048,862.108,12288.0,196608.0,0.111,14.25,228.05,242.31,results/aws_g6e_L40S/tp8-pp2-2x_g6e_48xlarge-20260309_055113-success/timeseries_tp8_pp2_in128_out2048.json,2x g6e.48xlarge,26.7,2,8,16,6.394,32670.79,1921.81,30748.98,96,24,0,distributed,2,2,39.14,39.14,39.14,87.0,87.0,87.0,77.81,100,0,38.02,48,0,39.14,39.14,39.14,87.0,87.0,87.0,82.71,100,0,38.03,47,0,39.14,39.14,39.14,87.0,87.0,87.0,84.33,100,0,38.06,47,0,39.14,39.14,39.14,87.0,87.0,87.0,83.63,100,0,38.02,46,0,39.14,39.14,39.14,87.0,87.0,87.0,85.22,100,0,38.01,47,0,39.14,39.14,39.14,87.0,87.0,87.0,77.77,100,0,37.99,47,0,39.14,39.14,39.14,87.0,87.0,87.0,83.99,100,0,38.01,47,0,39.14,39.14,39.14,87.0,87.0,87.0,78.92,100,0,38.02,47,0,39.19,39.19,39.19,87.1,87.1,87.1,75.91,100,0,38.24,47,0,39.19,39.19,39.19,87.1,87.1,87.1,83.2,100,0,38.25,45,0,39.19,39.19,39.19,87.1,87.1,87.1,75.7,100,0,38.26,46,0,39.19,39.19,39.19,87.1,87.1,87.1,82.92,100,0,38.24,46,0,39.19,39.19,39.19,87.1,87.1,87.1,85.23,100,0,38.25,46,0,39.19,39.19,39.19,87.1,87.1,87.1,79.57,100,0,38.26,46,0,39.19,39.19,39.19,87.1,87.1,87.1,79.9,100,0,38.24,46,0,39.19,39.19,39.19,87.1,87.1,87.1,85.57,100,0,38.27,45,0,81.4,100,38.13,48,87.05,87.1,3515,2,0.0,0,0.01,3.0,23.92,24.0,7.15,13.5,1756,1701,our_experiment,measured,bf16,aws,,batched,offline_batch,False,True,,,,Qwen/Qwen3-235B-A22B,26.7,L40S,48,PCIe,864,362,Ada Lovelace,vllm 0.10.0,Qwen3MoeForCausalLM,235.09,"{""vocab_size"": 151936, ""max_position_embeddings"": 40960, ""hidden_size"": 4096, ""intermediate_size"": 12288, ""num_hidden_layers"": 94, ""num_attention_heads"": 64, ""use_sliding_window"": false, ""sliding_window"": null, ""num_key_value_heads"": 4, ""hidden_act"": ""silu"", ""initializer_range"": 0.02, ""rms_norm_eps"": 1e-06, ""use_cache"": true, ""rope_theta"": 1000000.0, ""rope_scaling"": null, ""attention_bias"": false, ""attention_dropout"": 0.0, ""decoder_sparse_step"": 1, ""moe_intermediate_size"": 1536, ""num_experts_per_tok"": 8, ""num_experts"": 128, ""norm_topk_prob"": true, ""output_router_logits"": false, ""router_aux_loss_coef"": 0.001, ""mlp_only_layers"": [], ""return_dict"": true, ""output_hidden_states"": false, ""torchscript"": false, ""dtype"": ""bfloat16"", ""pruned_heads"": {}, ""tie_word_embeddings"": false, ""chunk_size_feed_forward"": 0, ""is_encoder_decoder"": false, ""is_decoder"": false, ""cross_attention_hidden_size"": null, ""add_cross_attention"": false, ""tie_encoder_decoder"": false, ""architectures"": [""Qwen3MoeForCausalLM""], ""finetuning_task"": null, ""id2label"": {""0"": ""LABEL_0"", ""1"": ""LABEL_1""}, ""label2id"": {""LABEL_0"": 0, ""LABEL_1"": 1}, ""task_specific_params"": null, ""problem_type"": null, ""tokenizer_class"": null, ""prefix"": null, ""bos_token_id"": 151643, ""pad_token_id"": null, ""eos_token_id"": 151645, ""sep_token_id"": null, ""decoder_start_token_id"": null, ""max_length"": 20, ""min_length"": 0, ""do_sample"": false, ""early_stopping"": false, ""num_beams"": 1, ""temperature"": 1.0, ""top_k"": 50, ""top_p"": 1.0, ""typical_p"": 1.0, ""repetition_penalty"": 1.0, ""length_penalty"": 1.0, ""no_repeat_ngram_size"": 0, ""encoder_no_repeat_ngram_size"": 0, ""bad_words_ids"": null, ""num_return_sequences"": 1, ""output_scores"": false, ""return_dict_in_generate"": false, ""forced_bos_token_id"": null, ""forced_eos_token_id"": null, ""remove_invalid_values"": false, ""exponential_decay_length_penalty"": null, ""suppress_tokens"": null, ""begin_suppress_tokens"": null, ""num_beam_groups"": 1, ""diversity_penalty"": 0.0, ""_name_or_path"": ""/models/Qwen/Qwen3-235B-A22B"", ""transformers_version"": ""4.57.3"", ""head_dim"": 128, ""max_window_layers"": 94, ""model_type"": ""qwen3_moe"", ""tf_legacy_loss"": false, ""use_bfloat16"": false, ""output_attentions"": false}",151936,True,8,242.31,14.25,228.05,6.393968,256,256,16,15.1444,128,128,128,128,2048,2048,2048,2048,0.0625,96,470.18,14.6931,False,297.82,16.0,29.4015,12.3187,0.5,True,1.6687,30.6082,520.4678,32.5221,,2000.0,4666.667,4933.333,125.013,147.524,149.525,180000.0,234000.0,238800.0,,,,,,,,,,,,,,,,,,,,,,,,,,,,,,,,,,,,,,,,,,,,,,,,,,,,,,,,,,,,,,,,,,,,,,,,,,,,,,,,,,,,,,,,,,,,,,,,
8,2,512,1024,Qwen/Qwen3-235B-A22B,success,,tp8_pp2_in512_out1024,458.672,49150.0,98304.0,0.209,107.16,214.32,321.48,results/aws_g6e_L40S/tp8-pp2-2x_g6e_48xlarge-20260309_055113-success/timeseries_tp8_pp2_in512_out1024.json,2x g6e.48xlarge,26.7,2,8,16,3.4018,43345.65,14448.16,28897.5,96,24,0,distributed,2,2,39.19,39.19,39.19,87.1,87.1,87.1,76.3,100,0,34.92,45,0,39.19,39.19,39.19,87.1,87.1,87.1,81.11,100,0,34.86,45,0,39.19,39.19,39.19,87.1,87.1,87.1,74.51,100,0,34.91,45,0,39.19,39.19,39.19,87.1,87.1,87.1,81.48,100,0,34.92,45,0,39.19,39.19,39.19,87.1,87.1,87.1,83.07,100,0,34.92,45,0,39.19,39.19,39.19,87.1,87.1,87.1,83.53,100,0,34.91,45,0,39.19,39.19,39.19,87.1,87.1,87.1,72.32,100,0,34.94,45,0,39.19,39.19,39.19,87.1,87.1,87.1,83.44,100,0,34.9,45,0,39.14,39.14,39.14,87.0,87.0,87.0,77.51,100,0,33.62,44,0,39.14,39.14,39.14,87.0,87.0,87.0,83.86,100,0,33.63,45,0,39.14,39.14,39.14,87.0,87.0,87.0,83.35,100,0,33.6,45,0,39.14,39.14,39.14,87.0,87.0,87.0,82.01,100,0,33.65,45,0,39.14,39.14,39.14,87.0,87.0,87.0,83.48,100,0,33.61,45,0,39.14,39.14,39.14,87.0,87.0,87.0,79.94,100,0,33.62,45,0,39.14,39.14,39.14,87.0,87.0,87.0,84.76,100,0,33.64,44,0,39.14,39.14,39.14,87.0,87.0,87.0,74.79,100,0,33.62,45,0,80.34,100,34.27,45,87.05,87.1,1923,2,0.0,0,0.09,14.0,23.54,24.0,6.22,9.5,961,902,our_experiment,measured,bf16,aws,,batched,offline_batch,False,True,,,,Qwen/Qwen3-235B-A22B,26.7,L40S,48,PCIe,864,362,Ada Lovelace,vllm 0.10.0,Qwen3MoeForCausalLM,235.09,"{""vocab_size"": 151936, ""max_position_embeddings"": 40960, ""hidden_size"": 4096, ""intermediate_size"": 12288, ""num_hidden_layers"": 94, ""num_attention_heads"": 64, ""use_sliding_window"": false, ""sliding_window"": null, ""num_key_value_heads"": 4, ""hidden_act"": ""silu"", ""initializer_range"": 0.02, ""rms_norm_eps"": 1e-06, ""use_cache"": true, ""rope_theta"": 1000000.0, ""rope_scaling"": null, ""attention_bias"": false, ""attention_dropout"": 0.0, ""decoder_sparse_step"": 1, ""moe_intermediate_size"": 1536, ""num_experts_per_tok"": 8, ""num_experts"": 128, ""norm_topk_prob"": true, ""output_router_logits"": false, ""router_aux_loss_coef"": 0.001, ""mlp_only_layers"": [], ""return_dict"": true, ""output_hidden_states"": false, ""torchscript"": false, ""dtype"": ""bfloat16"", ""pruned_heads"": {}, ""tie_word_embeddings"": false, ""chunk_size_feed_forward"": 0, ""is_encoder_decoder"": false, ""is_decoder"": false, ""cross_attention_hidden_size"": null, ""add_cross_attention"": false, ""tie_encoder_decoder"": false, ""architectures"": [""Qwen3MoeForCausalLM""], ""finetuning_task"": null, ""id2label"": {""0"": ""LABEL_0"", ""1"": ""LABEL_1""}, ""label2id"": {""LABEL_0"": 0, ""LABEL_1"": 1}, ""task_specific_params"": null, ""problem_type"": null, ""tokenizer_class"": null, ""prefix"": null, ""bos_token_id"": 151643, ""pad_token_id"": null, ""eos_token_id"": 151645, ""sep_token_id"": null, ""decoder_start_token_id"": null, ""max_length"": 20, ""min_length"": 0, ""do_sample"": false, ""early_stopping"": false, ""num_beams"": 1, ""temperature"": 1.0, ""top_k"": 50, ""top_p"": 1.0, ""typical_p"": 1.0, ""repetition_penalty"": 1.0, ""length_penalty"": 1.0, ""no_repeat_ngram_size"": 0, ""encoder_no_repeat_ngram_size"": 0, ""bad_words_ids"": null, ""num_return_sequences"": 1, ""output_scores"": false, ""return_dict_in_generate"": false, ""forced_bos_token_id"": null, ""forced_eos_token_id"": null, ""remove_invalid_values"": false, ""exponential_decay_length_penalty"": null, ""suppress_tokens"": null, ""begin_suppress_tokens"": null, ""num_beam_groups"": 1, ""diversity_penalty"": 0.0, ""_name_or_path"": ""/models/Qwen/Qwen3-235B-A22B"", ""transformers_version"": ""4.57.3"", ""head_dim"": 128, ""max_window_layers"": 94, ""model_type"": ""qwen3_moe"", ""tf_legacy_loss"": false, ""use_bfloat16"": false, ""output_attentions"": false}",151936,True,8,321.48,107.16,214.32,3.401817,256,256,16,20.0925,512,512,512,512,1024,1024,1024,1024,0.5,96,470.18,14.6931,False,297.82,16.0,29.4015,12.3187,0.5,True,1.6687,23.0704,69.2111,34.6056,,3849.206,8285.714,9657.143,125.047,147.611,149.617,90000.0,117000.0,119400.0,,,,,,,,,,,,,,,,,,,,,,,,,,,,,,,,,,,,,,,,,,,,,,,,,,,,,,,,,,,,,,,,,,,,,,,,,,,,,,,,,,,,,,,,,,,,,,,,
8,2,1024,512,Qwen/Qwen3-235B-A22B,success,,tp8_pp2_in1024_out512,276.07,98303.0,49152.0,0.348,356.08,178.04,534.12,results/aws_g6e_L40S/tp8-pp2-2x_g6e_48xlarge-20260309_055113-success/timeseries_tp8_pp2_in1024_out512.json,2x g6e.48xlarge,26.7,2,8,16,2.0475,72016.42,48010.78,24005.64,96,24,0,distributed,2,2,39.14,39.14,39.14,87.0,87.0,87.0,67.58,100,0,26.78,42,0,39.14,39.14,39.14,87.0,87.0,87.0,81.44,100,0,26.75,42,0,39.14,39.14,39.14,87.0,87.0,87.0,81.58,100,0,26.77,42,0,39.14,39.14,39.14,87.0,87.0,87.0,82.97,100,0,26.83,42,0,39.14,39.14,39.14,87.0,87.0,87.0,81.14,100,0,26.72,42,0,39.14,39.14,39.14,87.0,87.0,87.0,81.02,100,0,26.79,42,0,39.14,39.14,39.14,87.0,87.0,87.0,82.93,100,0,26.78,41,0,39.14,39.14,39.14,87.0,87.0,87.0,79.52,100,0,26.77,42,0,39.19,39.19,39.19,87.1,87.1,87.1,72.91,100,0,27.91,43,0,39.19,39.19,39.19,87.1,87.1,87.1,79.25,100,0,27.92,44,0,39.19,39.19,39.19,87.1,87.1,87.1,70.7,100,0,27.94,44,0,39.19,39.19,39.19,87.1,87.1,87.1,77.83,100,0,27.87,43,0,39.19,39.19,39.19,87.1,87.1,87.1,76.64,100,0,27.89,43,0,39.19,39.19,39.19,87.1,87.1,87.1,78.55,100,0,27.89,43,0,39.19,39.19,39.19,87.1,87.1,87.1,78.0,100,0,27.88,43,0,39.19,39.19,39.19,87.1,87.1,87.1,80.59,100,0,27.89,43,0,78.29,100,27.34,44,87.05,87.1,1194,2,0.0,0,0.46,19.0,22.84,24.0,7.53,9.5,600,542,our_experiment,measured,bf16,aws,,batched,offline_batch,False,True,,,,Qwen/Qwen3-235B-A22B,26.7,L40S,48,PCIe,864,362,Ada Lovelace,vllm 0.10.0,Qwen3MoeForCausalLM,235.09,"{""vocab_size"": 151936, ""max_position_embeddings"": 40960, ""hidden_size"": 4096, ""intermediate_size"": 12288, ""num_hidden_layers"": 94, ""num_attention_heads"": 64, ""use_sliding_window"": false, ""sliding_window"": null, ""num_key_value_heads"": 4, ""hidden_act"": ""silu"", ""initializer_range"": 0.02, ""rms_norm_eps"": 1e-06, ""use_cache"": true, ""rope_theta"": 1000000.0, ""rope_scaling"": null, ""attention_bias"": false, ""attention_dropout"": 0.0, ""decoder_sparse_step"": 1, ""moe_intermediate_size"": 1536, ""num_experts_per_tok"": 8, ""num_experts"": 128, ""norm_topk_prob"": true, ""output_router_logits"": false, ""router_aux_loss_coef"": 0.001, ""mlp_only_layers"": [], ""return_dict"": true, ""output_hidden_states"": false, ""torchscript"": false, ""dtype"": ""bfloat16"", ""pruned_heads"": {}, ""tie_word_embeddings"": false, ""chunk_size_feed_forward"": 0, ""is_encoder_decoder"": false, ""is_decoder"": false, ""cross_attention_hidden_size"": null, ""add_cross_attention"": false, ""tie_encoder_decoder"": false, ""architectures"": [""Qwen3MoeForCausalLM""], ""finetuning_task"": null, ""id2label"": {""0"": ""LABEL_0"", ""1"": ""LABEL_1""}, ""label2id"": {""LABEL_0"": 0, ""LABEL_1"": 1}, ""task_specific_params"": null, ""problem_type"": null, ""tokenizer_class"": null, ""prefix"": null, ""bos_token_id"": 151643, ""pad_token_id"": null, ""eos_token_id"": 151645, ""sep_token_id"": null, ""decoder_start_token_id"": null, ""max_length"": 20, ""min_length"": 0, ""do_sample"": false, ""early_stopping"": false, ""num_beams"": 1, ""temperature"": 1.0, ""top_k"": 50, ""top_p"": 1.0, ""typical_p"": 1.0, ""repetition_penalty"": 1.0, ""length_penalty"": 1.0, ""no_repeat_ngram_size"": 0, ""encoder_no_repeat_ngram_size"": 0, ""bad_words_ids"": null, ""num_return_sequences"": 1, ""output_scores"": false, ""return_dict_in_generate"": false, ""forced_bos_token_id"": null, ""forced_eos_token_id"": null, ""remove_invalid_values"": false, ""exponential_decay_length_penalty"": null, ""suppress_tokens"": null, ""begin_suppress_tokens"": null, ""num_beam_groups"": 1, ""diversity_penalty"": 0.0, ""_name_or_path"": ""/models/Qwen/Qwen3-235B-A22B"", ""transformers_version"": ""4.57.3"", ""head_dim"": 128, ""max_window_layers"": 94, ""model_type"": ""qwen3_moe"", ""tf_legacy_loss"": false, ""use_bfloat16"": false, ""output_attentions"": false}",151936,True,8,534.12,356.08,178.04,2.047519,256,256,16,33.3825,1024,1024,1024,1024,512,512,512,512,2.0,96,470.18,14.6931,False,297.82,16.0,29.4015,12.3187,0.5,True,1.6687,13.8858,20.8287,41.6573,,4298.246,15200.0,19040.0,125.247,147.969,149.989,88695.652,116869.565,119373.913,,,,,,,,,,,,,,,,,,,,,,,,,,,,,,,,,,,,,,,,,,,,,,,,,,,,,,,,,,,,,,,,,,,,,,,,,,,,,,,,,,,,,,,,,,,,,,,,
8,2,4096,1024,Qwen/Qwen3-235B-A22B,success,,tp8_pp2_in4096_out1024,712.752,393216.0,98304.0,0.135,551.69,137.92,689.61,results/aws_g6e_L40S/tp8-pp2-2x_g6e_48xlarge-20260309_055113-success/timeseries_tp8_pp2_in4096_out1024.json,2x g6e.48xlarge,26.7,2,8,16,5.2862,92980.95,74384.76,18596.19,96,24,0,distributed,2,2,39.14,39.14,39.14,87.0,87.0,87.0,79.94,100,0,19.73,37,0,39.14,39.14,39.14,87.0,87.0,87.0,84.26,100,0,19.68,37,0,39.14,39.14,39.14,87.0,87.0,87.0,83.28,100,0,19.67,37,0,39.14,39.14,39.14,87.0,87.0,87.0,84.77,100,0,19.67,37,0,39.14,39.14,39.14,87.0,87.0,87.0,84.37,100,0,19.69,37,0,39.14,39.14,39.14,87.0,87.0,87.0,76.65,100,0,19.69,36,0,39.14,39.14,39.14,87.0,87.0,87.0,80.57,100,0,19.68,37,0,39.14,39.14,39.14,87.0,87.0,87.0,81.47,100,0,19.68,37,0,39.19,39.19,39.19,87.1,87.1,87.1,76.26,100,0,20.2,36,0,39.19,39.19,39.19,87.1,87.1,87.1,83.22,100,0,20.27,37,0,39.19,39.19,39.19,87.1,87.1,87.1,80.46,100,0,20.29,37,0,39.19,39.19,39.19,87.1,87.1,87.1,82.01,100,0,20.17,37,0,39.19,39.19,39.19,87.1,87.1,87.1,82.18,100,0,20.18,37,0,39.19,39.19,39.19,87.1,87.1,87.1,84.15,100,0,20.13,37,0,39.19,39.19,39.19,87.1,87.1,87.1,80.97,100,0,20.18,37,0,39.19,39.19,39.19,87.1,87.1,87.1,84.59,100,0,20.14,37,0,81.82,100,19.94,37,87.05,87.1,2923,2,0.0,0,0.93,22.0,22.76,24.0,26.88,31.8,1462,1399,our_experiment,measured,bf16,aws,,batched,offline_batch,False,True,,,,Qwen/Qwen3-235B-A22B,26.7,L40S,48,PCIe,864,362,Ada Lovelace,vllm 0.10.0,Qwen3MoeForCausalLM,235.09,"{""vocab_size"": 151936, ""max_position_embeddings"": 40960, ""hidden_size"": 4096, ""intermediate_size"": 12288, ""num_hidden_layers"": 94, ""num_attention_heads"": 64, ""use_sliding_window"": false, ""sliding_window"": null, ""num_key_value_heads"": 4, ""hidden_act"": ""silu"", ""initializer_range"": 0.02, ""rms_norm_eps"": 1e-06, ""use_cache"": true, ""rope_theta"": 1000000.0, ""rope_scaling"": null, ""attention_bias"": false, ""attention_dropout"": 0.0, ""decoder_sparse_step"": 1, ""moe_intermediate_size"": 1536, ""num_experts_per_tok"": 8, ""num_experts"": 128, ""norm_topk_prob"": true, ""output_router_logits"": false, ""router_aux_loss_coef"": 0.001, ""mlp_only_layers"": [], ""return_dict"": true, ""output_hidden_states"": false, ""torchscript"": false, ""dtype"": ""bfloat16"", ""pruned_heads"": {}, ""tie_word_embeddings"": false, ""chunk_size_feed_forward"": 0, ""is_encoder_decoder"": false, ""is_decoder"": false, ""cross_attention_hidden_size"": null, ""add_cross_attention"": false, ""tie_encoder_decoder"": false, ""architectures"": [""Qwen3MoeForCausalLM""], ""finetuning_task"": null, ""id2label"": {""0"": ""LABEL_0"", ""1"": ""LABEL_1""}, ""label2id"": {""LABEL_0"": 0, ""LABEL_1"": 1}, ""task_specific_params"": null, ""problem_type"": null, ""tokenizer_class"": null, ""prefix"": null, ""bos_token_id"": 151643, ""pad_token_id"": null, ""eos_token_id"": 151645, ""sep_token_id"": null, ""decoder_start_token_id"": null, ""max_length"": 20, ""min_length"": 0, ""do_sample"": false, ""early_stopping"": false, ""num_beams"": 1, ""temperature"": 1.0, ""top_k"": 50, ""top_p"": 1.0, ""typical_p"": 1.0, ""repetition_penalty"": 1.0, ""length_penalty"": 1.0, ""no_repeat_ngram_size"": 0, ""encoder_no_repeat_ngram_size"": 0, ""bad_words_ids"": null, ""num_return_sequences"": 1, ""output_scores"": false, ""return_dict_in_generate"": false, ""forced_bos_token_id"": null, ""forced_eos_token_id"": null, ""remove_invalid_values"": false, ""exponential_decay_length_penalty"": null, ""suppress_tokens"": null, ""begin_suppress_tokens"": null, ""num_beam_groups"": 1, ""diversity_penalty"": 0.0, ""_name_or_path"": ""/models/Qwen/Qwen3-235B-A22B"", ""transformers_version"": ""4.57.3"", ""head_dim"": 128, ""max_window_layers"": 94, ""model_type"": ""qwen3_moe"", ""tf_legacy_loss"": false, ""use_bfloat16"": false, ""output_attentions"": false}",151936,True,8,689.61,551.69,137.92,5.286244,256,256,16,43.1006,4096,4096,4096,4096,1024,1024,1024,1024,4.0,96,470.18,14.6931,False,297.82,16.0,29.4015,12.3187,0.5,True,1.6687,10.7549,13.4435,53.7751,,6617.647,60800.0,76160.0,125.491,148.466,3355.526,179368.421,233936.842,238787.368,,,,,,,,,,,,,,,,,,,,,,,,,,,,,,,,,,,,,,,,,,,,,,,,,,,,,,,,,,,,,,,,,,,,,,,,,,,,,,,,,,,,,,,,,,,,,,,,
8,2,8192,256,Qwen/Qwen3-235B-A22B,success,,tp8_pp2_in8192_out256,641.467,786432.0,24576.0,0.15,1225.99,38.31,1264.3,results/aws_g6e_L40S/tp8-pp2-2x_g6e_48xlarge-20260309_055113-success/timeseries_tp8_pp2_in8192_out256.json,2x g6e.48xlarge,26.7,2,8,16,4.7575,170467.68,165302.0,5165.69,96,24,0,distributed,2,2,39.14,39.14,39.14,87.0,87.0,87.0,89.99,100,0,9.4,36,0,39.14,39.14,39.14,87.0,87.0,87.0,90.44,100,0,9.36,35,0,39.14,39.14,39.14,87.0,87.0,87.0,91.05,100,0,9.34,35,0,39.14,39.14,39.14,87.0,87.0,87.0,91.27,100,0,9.39,36,0,39.14,39.14,39.14,87.0,87.0,87.0,91.54,100,0,9.4,36,0,39.14,39.14,39.14,87.0,87.0,87.0,91.1,100,0,9.34,36,0,39.14,39.14,39.14,87.0,87.0,87.0,90.69,100,0,9.38,36,0,39.14,39.14,39.14,87.0,87.0,87.0,90.16,100,0,9.38,36,0,39.19,39.19,39.19,87.1,87.1,87.1,90.4,100,0,9.7,37,0,39.19,39.19,39.19,87.1,87.1,87.1,89.88,100,0,9.73,37,0,39.19,39.19,39.19,87.1,87.1,87.1,90.02,100,0,9.75,37,0,39.19,39.19,39.19,87.1,87.1,87.1,90.99,100,0,9.76,37,0,39.19,39.19,39.19,87.1,87.1,87.1,91.2,100,0,9.69,37,0,39.19,39.19,39.19,87.1,87.1,87.1,91.18,100,0,9.72,37,0,39.19,39.19,39.19,87.1,87.1,87.1,89.59,100,0,9.72,37,0,39.19,39.19,39.19,87.1,87.1,87.1,91.23,100,0,9.76,37,0,90.67,100,9.55,37,87.05,87.1,2614,2,0.0,0,2.17,22.0,21.43,24.0,45.35,52.4,1323,1253,our_experiment,measured,bf16,aws,,batched,offline_batch,False,True,,,,Qwen/Qwen3-235B-A22B,26.7,L40S,48,PCIe,864,362,Ada Lovelace,vllm 0.10.0,Qwen3MoeForCausalLM,235.09,"{""vocab_size"": 151936, ""max_position_embeddings"": 40960, ""hidden_size"": 4096, ""intermediate_size"": 12288, ""num_hidden_layers"": 94, ""num_attention_heads"": 64, ""use_sliding_window"": false, ""sliding_window"": null, ""num_key_value_heads"": 4, ""hidden_act"": ""silu"", ""initializer_range"": 0.02, ""rms_norm_eps"": 1e-06, ""use_cache"": true, ""rope_theta"": 1000000.0, ""rope_scaling"": null, ""attention_bias"": false, ""attention_dropout"": 0.0, ""decoder_sparse_step"": 1, ""moe_intermediate_size"": 1536, ""num_experts_per_tok"": 8, ""num_experts"": 128, ""norm_topk_prob"": true, ""output_router_logits"": false, ""router_aux_loss_coef"": 0.001, ""mlp_only_layers"": [], ""return_dict"": true, ""output_hidden_states"": false, ""torchscript"": false, ""dtype"": ""bfloat16"", ""pruned_heads"": {}, ""tie_word_embeddings"": false, ""chunk_size_feed_forward"": 0, ""is_encoder_decoder"": false, ""is_decoder"": false, ""cross_attention_hidden_size"": null, ""add_cross_attention"": false, ""tie_encoder_decoder"": false, ""architectures"": [""Qwen3MoeForCausalLM""], ""finetuning_task"": null, ""id2label"": {""0"": ""LABEL_0"", ""1"": ""LABEL_1""}, ""label2id"": {""LABEL_0"": 0, ""LABEL_1"": 1}, ""task_specific_params"": null, ""problem_type"": null, ""tokenizer_class"": null, ""prefix"": null, ""bos_token_id"": 151643, ""pad_token_id"": null, ""eos_token_id"": 151645, ""sep_token_id"": null, ""decoder_start_token_id"": null, ""max_length"": 20, ""min_length"": 0, ""do_sample"": false, ""early_stopping"": false, ""num_beams"": 1, ""temperature"": 1.0, ""top_k"": 50, ""top_p"": 1.0, ""typical_p"": 1.0, ""repetition_penalty"": 1.0, ""length_penalty"": 1.0, ""no_repeat_ngram_size"": 0, ""encoder_no_repeat_ngram_size"": 0, ""bad_words_ids"": null, ""num_return_sequences"": 1, ""output_scores"": false, ""return_dict_in_generate"": false, ""forced_bos_token_id"": null, ""forced_eos_token_id"": null, ""remove_invalid_values"": false, ""exponential_decay_length_penalty"": null, ""suppress_tokens"": null, ""begin_suppress_tokens"": null, ""num_beam_groups"": 1, ""diversity_penalty"": 0.0, ""_name_or_path"": ""/models/Qwen/Qwen3-235B-A22B"", ""transformers_version"": ""4.57.3"", ""head_dim"": 128, ""max_window_layers"": 94, ""model_type"": ""qwen3_moe"", ""tf_legacy_loss"": false, ""use_bfloat16"": false, ""output_attentions"": false}",151936,True,8,1264.3,1225.99,38.31,4.757547,256,256,16,79.0187,8192,8192,8192,8192,256,256,256,256,32.0,96,470.18,14.6931,False,297.82,16.0,29.4015,12.3187,0.5,True,1.6687,5.8662,6.0495,193.5961,,9537.037,121600.0,152320.0,129.576,4149.764,4829.953,173333.333,336000.0,451200.0,,,,,,,,,,,,,,,,,,,,,,,,,,,,,,,,,,,,,,,,,,,,,,,,,,,,,,,,,,,,,,,,,,,,,,,,,,,,,,,,,,,,,,,,,,,,,,,,
8,3,128,128,Qwen/Qwen3-235B-A22B,success,,tp8_pp3_in128_out128,82.173,35840.0,35840.0,3.407,436.15,436.15,872.31,results/aws_g6e_L40S/tp8-pp3-3x_g6e_48xlarge-20260309_082744-success/timeseries_tp8_pp3_in128_out128.json,3x g6e.48xlarge,40.05,3,8,24,0.9142,78409.53,39204.76,39204.76,280,70,0,distributed,3,3,39.07,39.07,39.07,86.9,86.9,86.9,61.39,100,0,23.89,48,0,39.07,39.07,39.07,86.9,86.9,86.9,63.39,100,0,23.86,48,0,39.07,39.07,39.07,86.9,86.9,86.9,62.07,100,0,24.0,48,0,39.07,39.07,39.07,86.9,86.9,86.9,61.86,100,0,23.82,48,0,39.07,39.07,39.07,86.9,86.9,86.9,64.06,100,0,23.94,48,0,39.07,39.07,39.07,86.9,86.9,86.9,63.73,100,0,23.93,49,0,39.07,39.07,39.07,86.9,86.9,86.9,62.43,100,0,23.81,48,0,39.07,39.07,39.07,86.9,86.9,86.9,63.47,100,0,23.89,48,0,39.03,39.11,38.82,86.74,86.9,86.3,61.46,100,0,23.42,49,0,39.03,39.11,38.82,86.74,86.9,86.3,60.24,100,0,23.51,49,0,39.03,39.11,38.82,86.74,86.9,86.3,62.62,100,0,23.51,49,0,39.03,39.11,38.82,86.74,86.9,86.3,59.81,100,0,23.44,48,0,39.03,39.11,38.82,86.74,86.9,86.3,62.5,100,0,23.61,49,0,39.03,39.11,38.82,86.74,86.9,86.3,62.25,100,0,23.45,48,0,39.03,39.11,38.82,86.74,86.9,86.3,62.67,100,0,23.5,48,0,39.03,39.11,38.82,86.74,86.9,86.3,63.59,100,0,23.52,48,0,59.92,100,24.13,51,86.83,86.9,618,3,0.0,0,0.42,21.0,64.2,70.0,0.99,1.5,217,161,our_experiment,measured,bf16,aws,,batched,offline_batch,False,True,,,,Qwen/Qwen3-235B-A22B,40.05,L40S,48,PCIe,864,362,Ada Lovelace,vllm 0.10.0,Qwen3MoeForCausalLM,235.09,"{""vocab_size"": 151936, ""max_position_embeddings"": 40960, ""hidden_size"": 4096, ""intermediate_size"": 12288, ""num_hidden_layers"": 94, ""num_attention_heads"": 64, ""use_sliding_window"": false, ""sliding_window"": null, ""num_key_value_heads"": 4, ""hidden_act"": ""silu"", ""initializer_range"": 0.02, ""rms_norm_eps"": 1e-06, ""use_cache"": true, ""rope_theta"": 1000000.0, ""rope_scaling"": null, ""attention_bias"": false, ""attention_dropout"": 0.0, ""decoder_sparse_step"": 1, ""moe_intermediate_size"": 1536, ""num_experts_per_tok"": 8, ""num_experts"": 128, ""norm_topk_prob"": true, ""output_router_logits"": false, ""router_aux_loss_coef"": 0.001, ""mlp_only_layers"": [], ""return_dict"": true, ""output_hidden_states"": false, ""torchscript"": false, ""dtype"": ""bfloat16"", ""pruned_heads"": {}, ""tie_word_embeddings"": false, ""chunk_size_feed_forward"": 0, ""is_encoder_decoder"": false, ""is_decoder"": false, ""cross_attention_hidden_size"": null, ""add_cross_attention"": false, ""tie_encoder_decoder"": false, ""architectures"": [""Qwen3MoeForCausalLM""], ""finetuning_task"": null, ""id2label"": {""0"": ""LABEL_0"", ""1"": ""LABEL_1""}, ""label2id"": {""LABEL_0"": 0, ""LABEL_1"": 1}, ""task_specific_params"": null, ""problem_type"": null, ""tokenizer_class"": null, ""prefix"": null, ""bos_token_id"": 151643, ""pad_token_id"": null, ""eos_token_id"": 151645, ""sep_token_id"": null, ""decoder_start_token_id"": null, ""max_length"": 20, ""min_length"": 0, ""do_sample"": false, ""early_stopping"": false, ""num_beams"": 1, ""temperature"": 1.0, ""top_k"": 50, ""top_p"": 1.0, ""typical_p"": 1.0, ""repetition_penalty"": 1.0, ""length_penalty"": 1.0, ""no_repeat_ngram_size"": 0, ""encoder_no_repeat_ngram_size"": 0, ""bad_words_ids"": null, ""num_return_sequences"": 1, ""output_scores"": false, ""return_dict_in_generate"": false, ""forced_bos_token_id"": null, ""forced_eos_token_id"": null, ""remove_invalid_values"": false, ""exponential_decay_length_penalty"": null, ""suppress_tokens"": null, ""begin_suppress_tokens"": null, ""num_beam_groups"": 1, ""diversity_penalty"": 0.0, ""_name_or_path"": ""/models/Qwen/Qwen3-235B-A22B"", ""transformers_version"": ""4.57.3"", ""head_dim"": 128, ""max_window_layers"": 94, ""model_type"": ""qwen3_moe"", ""tf_legacy_loss"": false, ""use_bfloat16"": false, ""output_attentions"": false}",151936,True,8,872.31,436.15,436.15,0.914175,256,256,24,36.3462,128,128,128,128,128,128,128,128,1.0,280,470.18,9.7954,False,681.82,16.0,29.4015,12.3187,0.5,True,1.6687,12.7535,25.5073,25.5073,,3778.09,6839.623,7367.925,125.381,148.224,343.52,24552.529,29455.253,29891.051,39.08,39.11,38.98,86.85,86.9,86.7,52.78,100,0,24.97,50,0,39.08,39.11,38.98,86.85,86.9,86.7,53.33,100,0,25.01,50,0,39.08,39.11,38.98,86.85,86.9,86.7,56.38,100,0,25.12,50,0,39.08,39.11,38.98,86.85,86.9,86.7,55.83,100,0,24.89,50,0,39.08,39.11,38.98,86.85,86.9,86.7,55.91,100,0,24.94,50,0,39.08,39.11,38.98,86.85,86.9,86.7,55.4,100,0,24.97,51,0,39.08,39.11,38.98,86.85,86.9,86.7,55.2,100,0,25.05,50,0,39.08,39.11,38.98,86.85,86.9,86.7,55.78,100,0,24.98,51,0
8,3,128,2048,Qwen/Qwen3-235B-A22B,success,,tp8_pp3_in128_out2048,999.19,35840.0,573440.0,0.28,35.87,573.9,609.77,results/aws_g6e_L40S/tp8-pp3-3x_g6e_48xlarge-20260309_082744-success/timeseries_tp8_pp3_in128_out2048.json,3x g6e.48xlarge,40.05,3,8,24,11.116,54811.14,3224.18,51586.95,280,70,0,distributed,3,3,39.07,39.07,39.07,86.9,86.9,86.9,83.74,100,0,45.49,54,0,39.07,39.07,39.07,86.9,86.9,86.9,83.01,100,0,45.45,54,0,39.07,39.07,39.07,86.9,86.9,86.9,85.38,100,0,45.46,53,0,39.07,39.07,39.07,86.9,86.9,86.9,82.21,100,0,45.45,54,0,39.07,39.07,39.07,86.9,86.9,86.9,84.09,100,0,45.5,54,0,39.07,39.07,39.07,86.9,86.9,86.9,84.36,100,0,45.51,54,0,39.07,39.07,39.07,86.9,86.9,86.9,83.89,100,0,45.49,53,0,39.07,39.07,39.07,86.9,86.9,86.9,84.43,100,0,45.48,54,0,39.11,39.11,39.11,86.9,86.9,86.9,82.4,100,0,44.64,55,0,39.11,39.11,39.11,86.9,86.9,86.9,76.71,100,0,44.71,54,0,39.11,39.11,39.11,86.9,86.9,86.9,81.51,100,0,44.7,54,0,39.11,39.11,39.11,86.9,86.9,86.9,81.06,100,0,44.61,55,0,39.11,39.11,39.11,86.9,86.9,86.9,83.14,100,0,44.58,54,0,39.11,39.11,39.11,86.9,86.9,86.9,81.02,100,0,44.65,54,0,39.11,39.11,39.11,86.9,86.9,86.9,83.68,100,0,44.65,54,0,39.11,39.11,39.11,86.9,86.9,86.9,84.04,100,0,44.8,54,0,80.72,100,45.22,55,86.9,86.9,6074,3,0.0,0,0.11,35.0,69.6,70.0,6.65,12.6,2029,1970,our_experiment,measured,bf16,aws,,batched,offline_batch,False,True,,,,Qwen/Qwen3-235B-A22B,40.05,L40S,48,PCIe,864,362,Ada Lovelace,vllm 0.10.0,Qwen3MoeForCausalLM,235.09,"{""vocab_size"": 151936, ""max_position_embeddings"": 40960, ""hidden_size"": 4096, ""intermediate_size"": 12288, ""num_hidden_layers"": 94, ""num_attention_heads"": 64, ""use_sliding_window"": false, ""sliding_window"": null, ""num_key_value_heads"": 4, ""hidden_act"": ""silu"", ""initializer_range"": 0.02, ""rms_norm_eps"": 1e-06, ""use_cache"": true, ""rope_theta"": 1000000.0, ""rope_scaling"": null, ""attention_bias"": false, ""attention_dropout"": 0.0, ""decoder_sparse_step"": 1, ""moe_intermediate_size"": 1536, ""num_experts_per_tok"": 8, ""num_experts"": 128, ""norm_topk_prob"": true, ""output_router_logits"": false, ""router_aux_loss_coef"": 0.001, ""mlp_only_layers"": [], ""return_dict"": true, ""output_hidden_states"": false, ""torchscript"": false, ""dtype"": ""bfloat16"", ""pruned_heads"": {}, ""tie_word_embeddings"": false, ""chunk_size_feed_forward"": 0, ""is_encoder_decoder"": false, ""is_decoder"": false, ""cross_attention_hidden_size"": null, ""add_cross_attention"": false, ""tie_encoder_decoder"": false, ""architectures"": [""Qwen3MoeForCausalLM""], ""finetuning_task"": null, ""id2label"": {""0"": ""LABEL_0"", ""1"": ""LABEL_1""}, ""label2id"": {""LABEL_0"": 0, ""LABEL_1"": 1}, ""task_specific_params"": null, ""problem_type"": null, ""tokenizer_class"": null, ""prefix"": null, ""bos_token_id"": 151643, ""pad_token_id"": null, ""eos_token_id"": 151645, ""sep_token_id"": null, ""decoder_start_token_id"": null, ""max_length"": 20, ""min_length"": 0, ""do_sample"": false, ""early_stopping"": false, ""num_beams"": 1, ""temperature"": 1.0, ""top_k"": 50, ""top_p"": 1.0, ""typical_p"": 1.0, ""repetition_penalty"": 1.0, ""length_penalty"": 1.0, ""no_repeat_ngram_size"": 0, ""encoder_no_repeat_ngram_size"": 0, ""bad_words_ids"": null, ""num_return_sequences"": 1, ""output_scores"": false, ""return_dict_in_generate"": false, ""forced_bos_token_id"": null, ""forced_eos_token_id"": null, ""remove_invalid_values"": false, ""exponential_decay_length_penalty"": null, ""suppress_tokens"": null, ""begin_suppress_tokens"": null, ""num_beam_groups"": 1, ""diversity_penalty"": 0.0, ""_name_or_path"": ""/models/Qwen/Qwen3-235B-A22B"", ""transformers_version"": ""4.57.3"", ""head_dim"": 128, ""max_window_layers"": 94, ""model_type"": ""qwen3_moe"", ""tf_legacy_loss"": false, ""use_bfloat16"": false, ""output_attentions"": false}",151936,True,8,609.77,35.87,573.9,11.115989,256,256,24,25.4071,128,128,128,128,2048,2048,2048,2048,0.0625,280,470.18,9.7954,False,681.82,16.0,29.4015,12.3187,0.5,True,1.6687,18.2446,310.1478,19.3849,,3621.622,6578.947,7315.789,125.023,147.543,149.545,360000.0,468000.0,477600.0,39.11,39.11,39.11,86.9,86.9,86.9,75.07,100,0,45.5,54,0,39.11,39.11,39.11,86.9,86.9,86.9,76.85,100,0,45.5,54,0,39.11,39.11,39.11,86.9,86.9,86.9,75.99,100,0,45.56,53,0,39.11,39.11,39.11,86.9,86.9,86.9,76.08,100,0,45.57,53,0,39.11,39.11,39.11,86.9,86.9,86.9,76.86,100,0,45.46,54,0,39.11,39.11,39.11,86.9,86.9,86.9,76.43,100,0,45.61,54,0,39.11,39.11,39.11,86.9,86.9,86.9,77.94,100,0,45.52,54,0,39.11,39.11,39.11,86.9,86.9,86.9,77.39,100,0,45.5,54,0
8,3,512,1024,Qwen/Qwen3-235B-A22B,success,,tp8_pp3_in512_out1024,558.941,143356.0,286720.0,0.501,256.48,512.97,769.45,results/aws_g6e_L40S/tp8-pp3-3x_g6e_48xlarge-20260309_082744-success/timeseries_tp8_pp3_in512_out1024.json,3x g6e.48xlarge,40.05,3,8,24,6.2182,69163.86,23054.19,46109.67,280,70,0,distributed,3,3,39.07,39.07,39.07,86.9,86.9,86.9,82.12,100,0,36.87,50,0,39.07,39.07,39.07,86.9,86.9,86.9,82.1,100,0,36.76,50,0,39.07,39.07,39.07,86.9,86.9,86.9,82.96,100,0,36.75,50,0,39.07,39.07,39.07,86.9,86.9,86.9,80.71,100,0,36.76,50,0,39.07,39.07,39.07,86.9,86.9,86.9,82.28,100,0,36.73,49,0,39.07,39.07,39.07,86.9,86.9,86.9,83.34,100,0,36.74,49,0,39.07,39.07,39.07,86.9,86.9,86.9,82.02,100,0,36.75,50,0,39.07,39.07,39.07,86.9,86.9,86.9,82.56,100,0,36.84,50,0,39.11,39.11,39.11,86.9,86.9,86.9,69.82,100,0,38.54,50,0,39.11,39.11,39.11,86.9,86.9,86.9,72.46,100,0,38.53,50,0,39.11,39.11,39.11,86.9,86.9,86.9,71.75,100,0,38.49,50,0,39.11,39.11,39.11,86.9,86.9,86.9,71.65,100,0,38.53,51,0,39.11,39.11,39.11,86.9,86.9,86.9,72.17,100,0,38.55,50,0,39.11,39.11,39.11,86.9,86.9,86.9,70.8,100,0,38.5,49,0,39.11,39.11,39.11,86.9,86.9,86.9,72.92,100,0,38.54,51,0,39.11,39.11,39.11,86.9,86.9,86.9,73.62,100,0,38.54,51,0,77.61,100,37.42,51,86.9,86.9,3460,3,0.0,0,0.79,57.0,68.23,70.0,5.7,8.9,1159,1101,our_experiment,measured,bf16,aws,,batched,offline_batch,False,True,,,,Qwen/Qwen3-235B-A22B,40.05,L40S,48,PCIe,864,362,Ada Lovelace,vllm 0.10.0,Qwen3MoeForCausalLM,235.09,"{""vocab_size"": 151936, ""max_position_embeddings"": 40960, ""hidden_size"": 4096, ""intermediate_size"": 12288, ""num_hidden_layers"": 94, ""num_attention_heads"": 64, ""use_sliding_window"": false, ""sliding_window"": null, ""num_key_value_heads"": 4, ""hidden_act"": ""silu"", ""initializer_range"": 0.02, ""rms_norm_eps"": 1e-06, ""use_cache"": true, ""rope_theta"": 1000000.0, ""rope_scaling"": null, ""attention_bias"": false, ""attention_dropout"": 0.0, ""decoder_sparse_step"": 1, ""moe_intermediate_size"": 1536, ""num_experts_per_tok"": 8, ""num_experts"": 128, ""norm_topk_prob"": true, ""output_router_logits"": false, ""router_aux_loss_coef"": 0.001, ""mlp_only_layers"": [], ""return_dict"": true, ""output_hidden_states"": false, ""torchscript"": false, ""dtype"": ""bfloat16"", ""pruned_heads"": {}, ""tie_word_embeddings"": false, ""chunk_size_feed_forward"": 0, ""is_encoder_decoder"": false, ""is_decoder"": false, ""cross_attention_hidden_size"": null, ""add_cross_attention"": false, ""tie_encoder_decoder"": false, ""architectures"": [""Qwen3MoeForCausalLM""], ""finetuning_task"": null, ""id2label"": {""0"": ""LABEL_0"", ""1"": ""LABEL_1""}, ""label2id"": {""LABEL_0"": 0, ""LABEL_1"": 1}, ""task_specific_params"": null, ""problem_type"": null, ""tokenizer_class"": null, ""prefix"": null, ""bos_token_id"": 151643, ""pad_token_id"": null, ""eos_token_id"": 151645, ""sep_token_id"": null, ""decoder_start_token_id"": null, ""max_length"": 20, ""min_length"": 0, ""do_sample"": false, ""early_stopping"": false, ""num_beams"": 1, ""temperature"": 1.0, ""top_k"": 50, ""top_p"": 1.0, ""typical_p"": 1.0, ""repetition_penalty"": 1.0, ""length_penalty"": 1.0, ""no_repeat_ngram_size"": 0, ""encoder_no_repeat_ngram_size"": 0, ""bad_words_ids"": null, ""num_return_sequences"": 1, ""output_scores"": false, ""return_dict_in_generate"": false, ""forced_bos_token_id"": null, ""forced_eos_token_id"": null, ""remove_invalid_values"": false, ""exponential_decay_length_penalty"": null, ""suppress_tokens"": null, ""begin_suppress_tokens"": null, ""num_beam_groups"": 1, ""diversity_penalty"": 0.0, ""_name_or_path"": ""/models/Qwen/Qwen3-235B-A22B"", ""transformers_version"": ""4.57.3"", ""head_dim"": 128, ""max_window_layers"": 94, ""model_type"": ""qwen3_moe"", ""tf_legacy_loss"": false, ""use_bfloat16"": false, ""output_attentions"": false}",151936,True,8,769.45,256.48,512.97,6.218219,256,256,24,32.0604,512,512,512,512,1024,1024,1024,1024,0.5,280,470.18,9.7954,False,681.82,16.0,29.4015,12.3187,0.5,True,1.6687,14.4584,43.3757,21.6874,,4337.838,16315.789,19263.158,125.138,147.762,149.773,180000.0,234000.0,238800.0,39.11,39.11,39.11,86.9,86.9,86.9,80.05,100,0,37.0,48,0,39.11,39.11,39.11,86.9,86.9,86.9,76.6,100,0,36.93,49,0,39.11,39.11,39.11,86.9,86.9,86.9,78.63,100,0,36.93,49,0,39.11,39.11,39.11,86.9,86.9,86.9,77.71,100,0,36.97,49,0,39.11,39.11,39.11,86.9,86.9,86.9,77.26,100,0,37.0,50,0,39.11,39.11,39.11,86.9,86.9,86.9,77.01,100,0,36.98,49,0,39.11,39.11,39.11,86.9,86.9,86.9,80.99,100,0,36.87,49,0,39.11,39.11,39.11,86.9,86.9,86.9,81.07,100,0,36.95,49,0
8,3,1024,512,Qwen/Qwen3-235B-A22B,success,,tp8_pp3_in1024_out512,389.773,286718.0,143360.0,0.718,735.6,367.8,1103.41,results/aws_g6e_L40S/tp8-pp3-3x_g6e_48xlarge-20260309_082744-success/timeseries_tp8_pp3_in1024_out512.json,3x g6e.48xlarge,40.05,3,8,24,4.3362,99182.59,66121.57,33061.02,280,70,0,distributed,3,3,39.07,39.07,39.07,86.9,86.9,86.9,83.1,100,0,25.79,45,0,39.07,39.07,39.07,86.9,86.9,86.9,84.31,100,0,25.82,46,0,39.07,39.07,39.07,86.9,86.9,86.9,83.2,100,0,25.72,45,0,39.07,39.07,39.07,86.9,86.9,86.9,81.29,100,0,25.83,46,0,39.07,39.07,39.07,86.9,86.9,86.9,83.88,100,0,25.78,45,0,39.07,39.07,39.07,86.9,86.9,86.9,83.75,100,0,25.77,45,0,39.07,39.07,39.07,86.9,86.9,86.9,83.07,100,0,25.72,45,0,39.07,39.07,39.07,86.9,86.9,86.9,82.5,100,0,25.79,45,0,39.11,39.11,39.11,86.9,86.9,86.9,80.65,100,0,25.76,45,0,39.11,39.11,39.11,86.9,86.9,86.9,80.1,100,0,25.73,46,0,39.11,39.11,39.11,86.9,86.9,86.9,80.79,100,0,25.75,45,0,39.11,39.11,39.11,86.9,86.9,86.9,78.06,100,0,25.78,46,0,39.11,39.11,39.11,86.9,86.9,86.9,81.98,100,0,25.76,46,0,39.11,39.11,39.11,86.9,86.9,86.9,79.25,100,0,25.73,46,0,39.11,39.11,39.11,86.9,86.9,86.9,82.51,100,0,25.69,45,0,39.11,39.11,39.11,86.9,86.9,86.9,82.57,100,0,25.68,45,0,76.09,100,26.18,48,86.9,86.9,2453,3,0.0,0,2.49,63.0,65.98,70.0,6.89,8.9,825,766,our_experiment,measured,bf16,aws,,batched,offline_batch,False,True,,,,Qwen/Qwen3-235B-A22B,40.05,L40S,48,PCIe,864,362,Ada Lovelace,vllm 0.10.0,Qwen3MoeForCausalLM,235.09,"{""vocab_size"": 151936, ""max_position_embeddings"": 40960, ""hidden_size"": 4096, ""intermediate_size"": 12288, ""num_hidden_layers"": 94, ""num_attention_heads"": 64, ""use_sliding_window"": false, ""sliding_window"": null, ""num_key_value_heads"": 4, ""hidden_act"": ""silu"", ""initializer_range"": 0.02, ""rms_norm_eps"": 1e-06, ""use_cache"": true, ""rope_theta"": 1000000.0, ""rope_scaling"": null, ""attention_bias"": false, ""attention_dropout"": 0.0, ""decoder_sparse_step"": 1, ""moe_intermediate_size"": 1536, ""num_experts_per_tok"": 8, ""num_experts"": 128, ""norm_topk_prob"": true, ""output_router_logits"": false, ""router_aux_loss_coef"": 0.001, ""mlp_only_layers"": [], ""return_dict"": true, ""output_hidden_states"": false, ""torchscript"": false, ""dtype"": ""bfloat16"", ""pruned_heads"": {}, ""tie_word_embeddings"": false, ""chunk_size_feed_forward"": 0, ""is_encoder_decoder"": false, ""is_decoder"": false, ""cross_attention_hidden_size"": null, ""add_cross_attention"": false, ""tie_encoder_decoder"": false, ""architectures"": [""Qwen3MoeForCausalLM""], ""finetuning_task"": null, ""id2label"": {""0"": ""LABEL_0"", ""1"": ""LABEL_1""}, ""label2id"": {""LABEL_0"": 0, ""LABEL_1"": 1}, ""task_specific_params"": null, ""problem_type"": null, ""tokenizer_class"": null, ""prefix"": null, ""bos_token_id"": 151643, ""pad_token_id"": null, ""eos_token_id"": 151645, ""sep_token_id"": null, ""decoder_start_token_id"": null, ""max_length"": 20, ""min_length"": 0, ""do_sample"": false, ""early_stopping"": false, ""num_beams"": 1, ""temperature"": 1.0, ""top_k"": 50, ""top_p"": 1.0, ""typical_p"": 1.0, ""repetition_penalty"": 1.0, ""length_penalty"": 1.0, ""no_repeat_ngram_size"": 0, ""encoder_no_repeat_ngram_size"": 0, ""bad_words_ids"": null, ""num_return_sequences"": 1, ""output_scores"": false, ""return_dict_in_generate"": false, ""forced_bos_token_id"": null, ""forced_eos_token_id"": null, ""remove_invalid_values"": false, ""exponential_decay_length_penalty"": null, ""suppress_tokens"": null, ""begin_suppress_tokens"": null, ""num_beam_groups"": 1, ""diversity_penalty"": 0.0, ""_name_or_path"": ""/models/Qwen/Qwen3-235B-A22B"", ""transformers_version"": ""4.57.3"", ""head_dim"": 128, ""max_window_layers"": 94, ""model_type"": ""qwen3_moe"", ""tf_legacy_loss"": false, ""use_bfloat16"": false, ""output_attentions"": false}",151936,True,8,1103.41,735.6,367.8,4.336225,256,256,24,45.9754,1024,1024,1024,1024,512,512,512,512,2.0,280,470.18,9.7954,False,681.82,16.0,29.4015,12.3187,0.5,True,1.6687,10.0824,15.1237,30.2474,,4687.5,31250.0,38250.0,125.545,148.535,3519.454,92061.069,146666.667,221333.333,39.11,39.11,39.11,86.9,86.9,86.9,62.8,100,0,26.97,47,0,39.11,39.11,39.11,86.9,86.9,86.9,63.92,100,0,26.97,47,0,39.11,39.11,39.11,86.9,86.9,86.9,64.3,100,0,27.12,47,0,39.11,39.11,39.11,86.9,86.9,86.9,63.99,100,0,27.01,48,0,39.11,39.11,39.11,86.9,86.9,86.9,65.95,100,0,27.11,48,0,39.11,39.11,39.11,86.9,86.9,86.9,63.1,100,0,27.04,48,0,39.11,39.11,39.11,86.9,86.9,86.9,64.64,100,0,27.0,47,0,39.11,39.11,39.11,86.9,86.9,86.9,66.35,100,0,27.1,47,0
8,3,4096,1024,Qwen/Qwen3-235B-A22B,success,,tp8_pp3_in4096_out1024,1088.421,1146880.0,286720.0,0.257,1053.71,263.43,1317.14,results/aws_g6e_L40S/tp8-pp3-3x_g6e_48xlarge-20260309_082744-success/timeseries_tp8_pp3_in4096_out1024.json,3x g6e.48xlarge,40.05,3,8,24,12.1087,118394.37,94715.5,23678.87,280,70,0,distributed,3,3,39.07,39.07,39.07,86.9,86.9,86.9,86.73,100,0,22.56,51,0,39.07,39.07,39.07,86.9,86.9,86.9,86.7,100,0,22.47,51,0,39.07,39.07,39.07,86.9,86.9,86.9,87.82,100,0,22.49,51,0,39.07,39.07,39.07,86.9,86.9,86.9,86.52,100,0,22.47,51,0,39.07,39.07,39.07,86.9,86.9,86.9,88.11,100,0,22.46,52,0,39.07,39.07,39.07,86.9,86.9,86.9,87.58,100,0,22.42,50,0,39.07,39.07,39.07,86.9,86.9,86.9,87.43,100,0,22.45,51,0,39.07,39.07,39.07,86.9,86.9,86.9,87.75,100,0,22.54,51,0,39.11,39.11,39.11,86.9,86.9,86.9,86.16,100,0,22.47,52,0,39.11,39.11,39.11,86.9,86.9,86.9,86.55,100,0,22.54,52,0,39.11,39.11,39.11,86.9,86.9,86.9,85.09,100,0,22.54,52,0,39.11,39.11,39.11,86.9,86.9,86.9,86.5,100,0,22.48,51,0,39.11,39.11,39.11,86.9,86.9,86.9,84.5,100,0,22.47,52,0,39.11,39.11,39.11,86.9,86.9,86.9,85.89,100,0,22.45,51,0,39.11,39.11,39.11,86.9,86.9,86.9,87.52,100,0,22.45,52,0,39.11,39.11,39.11,86.9,86.9,86.9,87.75,100,0,22.41,52,0,79.83,100,22.75,53,86.9,86.9,6572,3,0.0,0,4.42,68.0,65.03,70.0,24.44,29.4,2204,2141,our_experiment,measured,bf16,aws,,batched,offline_batch,False,True,,,,Qwen/Qwen3-235B-A22B,40.05,L40S,48,PCIe,864,362,Ada Lovelace,vllm 0.10.0,Qwen3MoeForCausalLM,235.09,"{""vocab_size"": 151936, ""max_position_embeddings"": 40960, ""hidden_size"": 4096, ""intermediate_size"": 12288, ""num_hidden_layers"": 94, ""num_attention_heads"": 64, ""use_sliding_window"": false, ""sliding_window"": null, ""num_key_value_heads"": 4, ""hidden_act"": ""silu"", ""initializer_range"": 0.02, ""rms_norm_eps"": 1e-06, ""use_cache"": true, ""rope_theta"": 1000000.0, ""rope_scaling"": null, ""attention_bias"": false, ""attention_dropout"": 0.0, ""decoder_sparse_step"": 1, ""moe_intermediate_size"": 1536, ""num_experts_per_tok"": 8, ""num_experts"": 128, ""norm_topk_prob"": true, ""output_router_logits"": false, ""router_aux_loss_coef"": 0.001, ""mlp_only_layers"": [], ""return_dict"": true, ""output_hidden_states"": false, ""torchscript"": false, ""dtype"": ""bfloat16"", ""pruned_heads"": {}, ""tie_word_embeddings"": false, ""chunk_size_feed_forward"": 0, ""is_encoder_decoder"": false, ""is_decoder"": false, ""cross_attention_hidden_size"": null, ""add_cross_attention"": false, ""tie_encoder_decoder"": false, ""architectures"": [""Qwen3MoeForCausalLM""], ""finetuning_task"": null, ""id2label"": {""0"": ""LABEL_0"", ""1"": ""LABEL_1""}, ""label2id"": {""LABEL_0"": 0, ""LABEL_1"": 1}, ""task_specific_params"": null, ""problem_type"": null, ""tokenizer_class"": null, ""prefix"": null, ""bos_token_id"": 151643, ""pad_token_id"": null, ""eos_token_id"": 151645, ""sep_token_id"": null, ""decoder_start_token_id"": null, ""max_length"": 20, ""min_length"": 0, ""do_sample"": false, ""early_stopping"": false, ""num_beams"": 1, ""temperature"": 1.0, ""top_k"": 50, ""top_p"": 1.0, ""typical_p"": 1.0, ""repetition_penalty"": 1.0, ""length_penalty"": 1.0, ""no_repeat_ngram_size"": 0, ""encoder_no_repeat_ngram_size"": 0, ""bad_words_ids"": null, ""num_return_sequences"": 1, ""output_scores"": false, ""return_dict_in_generate"": false, ""forced_bos_token_id"": null, ""forced_eos_token_id"": null, ""remove_invalid_values"": false, ""exponential_decay_length_penalty"": null, ""suppress_tokens"": null, ""begin_suppress_tokens"": null, ""num_beam_groups"": 1, ""diversity_penalty"": 0.0, ""_name_or_path"": ""/models/Qwen/Qwen3-235B-A22B"", ""transformers_version"": ""4.57.3"", ""head_dim"": 128, ""max_window_layers"": 94, ""model_type"": ""qwen3_moe"", ""tf_legacy_loss"": false, ""use_bfloat16"": false, ""output_attentions"": false}",151936,True,8,1317.14,1053.71,263.43,12.108684,256,256,24,54.8808,4096,4096,4096,4096,1024,1024,1024,1024,4.0,280,470.18,9.7954,False,681.82,16.0,29.4015,12.3187,0.5,True,1.6687,8.4463,10.5579,42.2313,,6700.0,126060.606,153212.121,126.054,149.503,4345.669,332631.579,465263.158,477052.632,39.11,39.11,39.11,86.9,86.9,86.9,66.5,100,0,23.3,52,0,39.11,39.11,39.11,86.9,86.9,86.9,65.87,100,0,23.29,53,0,39.11,39.11,39.11,86.9,86.9,86.9,63.89,100,0,23.28,52,0,39.11,39.11,39.11,86.9,86.9,86.9,64.9,100,0,23.27,52,0,39.11,39.11,39.11,86.9,86.9,86.9,66.13,100,0,23.3,52,0,39.11,39.11,39.11,86.9,86.9,86.9,66.42,100,0,23.34,52,0,39.11,39.11,39.11,86.9,86.9,86.9,66.85,100,0,23.32,51,0,39.11,39.11,39.11,86.9,86.9,86.9,66.66,100,0,23.28,52,0
8,3,8192,256,Qwen/Qwen3-235B-A22B,success,,tp8_pp3_in8192_out256,1236.953,2293760.0,71680.0,0.226,1854.36,57.95,1912.31,results/aws_g6e_L40S/tp8-pp3-3x_g6e_48xlarge-20260309_082744-success/timeseries_tp8_pp3_in8192_out256.json,3x g6e.48xlarge,40.05,3,8,24,13.7611,171893.21,166684.32,5208.89,280,70,0,distributed,3,3,39.11,39.11,39.11,86.9,86.9,86.9,63.55,100,0,9.32,50,0,39.11,39.11,39.11,86.9,86.9,86.9,63.41,100,0,9.33,50,0,39.11,39.11,39.11,86.9,86.9,86.9,63.0,100,0,9.29,50,0,39.11,39.11,39.11,86.9,86.9,86.9,62.59,100,0,9.27,50,0,39.11,39.11,39.11,86.9,86.9,86.9,63.14,100,0,9.28,50,0,39.11,39.11,39.11,86.9,86.9,86.9,63.14,100,0,9.27,50,0,39.11,39.11,39.11,86.9,86.9,86.9,63.4,100,0,9.27,50,0,39.11,39.11,39.11,86.9,86.9,86.9,63.48,100,0,9.31,50,0,39.11,39.11,39.11,86.9,86.9,86.9,94.37,100,0,9.05,48,0,39.11,39.11,39.11,86.9,86.9,86.9,94.28,100,0,9.16,48,0,39.11,39.11,39.11,86.9,86.9,86.9,94.4,100,0,9.17,48,0,39.11,39.11,39.11,86.9,86.9,86.9,94.1,100,0,9.11,48,0,39.11,39.11,39.11,86.9,86.9,86.9,94.34,100,0,9.19,48,0,39.11,39.11,39.11,86.9,86.9,86.9,94.48,100,0,9.2,48,0,39.11,39.11,39.11,86.9,86.9,86.9,94.63,100,0,9.05,49,0,39.11,39.11,39.11,86.9,86.9,86.9,94.6,100,0,9.06,48,0,84.0,100,9.12,50,86.9,86.9,7484,3,0.0,0,7.47,68.0,61.87,70.0,42.1,48.5,2497,2431,our_experiment,measured,bf16,aws,,batched,offline_batch,False,True,,,,Qwen/Qwen3-235B-A22B,40.05,L40S,48,PCIe,864,362,Ada Lovelace,vllm 0.10.0,Qwen3MoeForCausalLM,235.09,"{""vocab_size"": 151936, ""max_position_embeddings"": 40960, ""hidden_size"": 4096, ""intermediate_size"": 12288, ""num_hidden_layers"": 94, ""num_attention_heads"": 64, ""use_sliding_window"": false, ""sliding_window"": null, ""num_key_value_heads"": 4, ""hidden_act"": ""silu"", ""initializer_range"": 0.02, ""rms_norm_eps"": 1e-06, ""use_cache"": true, ""rope_theta"": 1000000.0, ""rope_scaling"": null, ""attention_bias"": false, ""attention_dropout"": 0.0, ""decoder_sparse_step"": 1, ""moe_intermediate_size"": 1536, ""num_experts_per_tok"": 8, ""num_experts"": 128, ""norm_topk_prob"": true, ""output_router_logits"": false, ""router_aux_loss_coef"": 0.001, ""mlp_only_layers"": [], ""return_dict"": true, ""output_hidden_states"": false, ""torchscript"": false, ""dtype"": ""bfloat16"", ""pruned_heads"": {}, ""tie_word_embeddings"": false, ""chunk_size_feed_forward"": 0, ""is_encoder_decoder"": false, ""is_decoder"": false, ""cross_attention_hidden_size"": null, ""add_cross_attention"": false, ""tie_encoder_decoder"": false, ""architectures"": [""Qwen3MoeForCausalLM""], ""finetuning_task"": null, ""id2label"": {""0"": ""LABEL_0"", ""1"": ""LABEL_1""}, ""label2id"": {""LABEL_0"": 0, ""LABEL_1"": 1}, ""task_specific_params"": null, ""problem_type"": null, ""tokenizer_class"": null, ""prefix"": null, ""bos_token_id"": 151643, ""pad_token_id"": null, ""eos_token_id"": 151645, ""sep_token_id"": null, ""decoder_start_token_id"": null, ""max_length"": 20, ""min_length"": 0, ""do_sample"": false, ""early_stopping"": false, ""num_beams"": 1, ""temperature"": 1.0, ""top_k"": 50, ""top_p"": 1.0, ""typical_p"": 1.0, ""repetition_penalty"": 1.0, ""length_penalty"": 1.0, ""no_repeat_ngram_size"": 0, ""encoder_no_repeat_ngram_size"": 0, ""bad_words_ids"": null, ""num_return_sequences"": 1, ""output_scores"": false, ""return_dict_in_generate"": false, ""forced_bos_token_id"": null, ""forced_eos_token_id"": null, ""remove_invalid_values"": false, ""exponential_decay_length_penalty"": null, ""suppress_tokens"": null, ""begin_suppress_tokens"": null, ""num_beam_groups"": 1, ""diversity_penalty"": 0.0, ""_name_or_path"": ""/models/Qwen/Qwen3-235B-A22B"", ""transformers_version"": ""4.57.3"", ""head_dim"": 128, ""max_window_layers"": 94, ""model_type"": ""qwen3_moe"", ""tf_legacy_loss"": false, ""use_bfloat16"": false, ""output_attentions"": false}",151936,True,8,1912.31,1854.36,57.95,13.761102,256,256,24,79.6796,8192,8192,8192,8192,256,256,256,256,32.0,280,470.18,9.7954,False,681.82,16.0,29.4015,12.3187,0.5,True,1.6687,5.8176,5.9994,191.9758,,9044.118,416000.0,595200.0,138.323,4595.934,4919.187,344705.882,691200.0,906240.0,39.07,39.07,39.07,86.9,86.9,86.9,94.15,100,0,8.95,49,0,39.07,39.07,39.07,86.9,86.9,86.9,94.16,100,0,8.96,49,0,39.07,39.07,39.07,86.9,86.9,86.9,94.47,100,0,8.9,49,0,39.07,39.07,39.07,86.9,86.9,86.9,94.36,100,0,8.95,49,0,39.07,39.07,39.07,86.9,86.9,86.9,94.51,100,0,8.92,50,0,39.07,39.07,39.07,86.9,86.9,86.9,94.55,100,0,8.94,48,0,39.07,39.07,39.07,86.9,86.9,86.9,94.42,100,0,8.93,49,0,39.07,39.07,39.07,86.9,86.9,86.9,94.45,100,0,8.94,48,0
